종목코드,종목명,섹터,현재가(원),시가총액(억 원),수익률(%)
A000001,종목_1,커뮤니케이션,438625,27784,-17.7
A000002,종목_2,제조업,156378,1133,43.74
A000003,종목_3,에너지,151158,11610,30.6
A000004,종목_4,커뮤니케이션,408592,8652,28.54
A000005,종목_5,금융,324494,5770,26.73
A000006,종목_6,에너지,334569,3687,-13.97
A000007,종목_7,에너지,497574,31806,-13.12
A000008,종목_8,커뮤니케이션,430852,9845,25.06
A000009,종목_9,바이오,349264,34601,-12.42
A000010,종목_10,금융,378033,1481,5.09
A000011,종목_11,커뮤니케이션,445865,30668,32.56
A000012,종목_12,금융,428826,12988,32.72
A000013,종목_13,금융,142130,14011,6.26
A000014,종목_14,에너지,256948,12567,33.38
A000015,종목_15,제조업,337781,5783,37.09
A000016,종목_16,금융,472249,37909,22.38
A000017,종목_17,소비재,333338,29588,-11.73
A000018,종목_18,에너지,340061,21686,-8.08
A000019,종목_19,바이오,65200,2814,-4.81
A000020,종목_20,제조업,106848,9739,-20.66
A000021,종목_21,소비재,107022,10632,-8.15
A000022,종목_22,소비재,178691,4795,-13.24
A000023,종목_23,바이오,411370,38506,6.43
A000024,종목_24,제조업,413755,1008,42.68
A000025,종목_25,에너지,257453,22023,-21.64
A000026,종목_26,IT,323202,22080,27.62
A000027,종목_27,제조업,63068,6215,24.98
A000028,종목_28,바이오,471529,37683,-22.34
A000029,종목_29,소비재,363076,28595,43.81
A000030,종목_30,에너지,162445,7820,15.48
A000031,종목_31,제조업,165226,4125,-0.9
A000032,종목_32,IT,138103,8942,30.52
A000033,종목_33,IT,225605,16006,-9.41
A000034,종목_34,금융,204047,6893,25.48
A000035,종목_35,금융,285929,23865,-26.82
A000036,종목_36,커뮤니케이션,473144,35587,37.15
A000037,종목_37,바이오,250768,5057,5.85
A000038,종목_38,제조업,160741,2228,20.94
A000039,종목_39,제조업,95475,8518,-12.3
A000040,종목_40,커뮤니케이션,3282,104,24.17
A000041,종목_41,소비재,166696,7115,31.78
A000042,종목_42,소비재,180510,16767,7.86
A000043,종목_43,커뮤니케이션,221972,14954,19.42
A000044,종목_44,소비재,330678,26615,6.51
A000045,종목_45,금융,163777,3085,41.53
A000046,종목_46,제조업,432460,1468,9.83
A000047,종목_47,커뮤니케이션,338108,12719,37.34
A000048,종목_48,제조업,169509,14980,34.11
A000049,종목_49,IT,209944,17119,2.84
A000050,종목_50,금융,469094,20626,-11.59
A000051,종목_51,에너지,120006,11167,2.49
A000052,종목_52,금융,237440,7707,36.1
A000053,종목_53,커뮤니케이션,205054,8495,-11.79
A000054,종목_54,에너지,313727,2990,11.95
A000055,종목_55,IT,301536,12058,34.49
A000056,종목_56,커뮤니케이션,8461,84,-1.72
A000057,종목_57,바이오,101123,7835,21.38
A000058,종목_58,제조업,273660,6926,-10.35
A000059,종목_59,IT,473501,8052,-21.26
A000060,종목_60,제조업,149586,4046,33.55
A000061,종목_61,소비재,384395,12760,-22.08
A000062,종목_62,바이오,495178,31119,-8.29
A000063,종목_63,바이오,430484,27929,38.41
A000064,종목_64,IT,484702,44007,-2.28
A000065,종목_65,바이오,232496,20732,47.84
A000066,종목_66,에너지,168860,6374,48.38
A000067,종목_67,바이오,207821,13979,-8.54
A000068,종목_68,제조업,193121,11867,-26.72
A000069,종목_69,제조업,325637,19463,26.41
A000070,종목_70,커뮤니케이션,37027,3320,6.08
A000071,종목_71,제조업,356691,2126,-21.94
A000072,종목_72,커뮤니케이션,174921,6531,26.6
A000073,종목_73,제조업,363271,27980,-27.51
A000074,종목_74,에너지,149930,4091,39.62
A000075,종목_75,커뮤니케이션,216234,8676,-18.91
A000076,종목_76,금융,80003,7932,-19.82
A000077,종목_77,소비재,184467,7548,-15.95
A000078,종목_78,IT,40758,3368,46.82
A000079,종목_79,제조업,317456,12314,25.45
A000080,종목_80,바이오,331814,20376,34.11
A000081,종목_81,제조업,83279,4305,1.81
A000082,종목_82,바이오,16434,57,-3.09
A000083,종목_83,소비재,196119,18729,-11.24
A000084,종목_84,소비재,441991,21372,8.45
A000085,종목_85,소비재,338913,11767,14.15
A000086,종목_86,바이오,246754,16881,20.54
A000087,종목_87,제조업,329821,3558,-9.43
A000088,종목_88,소비재,84555,4538,45.89
A000089,종목_89,에너지,129379,12315,-16.42
A000090,종목_90,커뮤니케이션,217992,4861,47.25
A000091,종목_91,바이오,240511,1253,-28.81
A000092,종목_92,바이오,177806,6225,8.49
A000093,종목_93,제조업,364809,8612,-3.33
A000094,종목_94,바이오,482719,42165,5.93
A000095,종목_95,바이오,434819,20442,15.65
A000096,종목_96,소비재,470924,34727,4.85
A000097,종목_97,제조업,476142,19906,3.19
A000098,종목_98,소비재,69803,1991,28.62
A000099,종목_99,커뮤니케이션,433548,4784,24.87
A000100,종목_100,커뮤니케이션,354847,4155,36.66
A000101,종목_101,소비재,284456,9999,-10.0
A000102,종목_102,커뮤니케이션,225448,4419,18.76
A000103,종목_103,제조업,478742,37717,16.82
A000104,종목_104,IT,176251,2946,-0.42
A000105,종목_105,소비재,203514,7561,8.88
A000106,종목_106,에너지,246404,6063,-4.9
A000107,종목_107,에너지,118961,8729,-18.65
A000108,종목_108,바이오,303523,9263,-12.9
A000109,종목_109,커뮤니케이션,18297,620,-21.56
A000110,종목_110,에너지,265155,20262,24.65
A000111,종목_111,바이오,121234,11249,22.86
A000112,종목_112,IT,45014,1964,46.05
A000113,종목_113,제조업,244166,22153,28.37
A000114,종목_114,제조업,405954,22704,-25.84
A000115,종목_115,제조업,357477,22867,40.74
A000116,종목_116,에너지,179570,7456,39.01
A000117,종목_117,IT,259864,18970,5.47
A000118,종목_118,에너지,274264,25391,16.87
A000119,종목_119,커뮤니케이션,402983,16055,48.09
A000120,종목_120,에너지,285996,22379,12.58
A000121,종목_121,IT,342383,26668,42.43
A000122,종목_122,IT,395145,6754,-23.36
A000123,종목_123,커뮤니케이션,209559,5037,-14.72
A000124,종목_124,IT,92575,1017,5.26
A000125,종목_125,IT,96040,5342,16.78
A000126,종목_126,제조업,149510,3287,35.3
A000127,종목_127,커뮤니케이션,180587,13250,49.06
A000128,종목_128,금융,6744,129,1.11
A000129,종목_129,금융,215892,2269,-26.21
A000130,종목_130,IT,436633,33483,34.09
A000131,종목_131,금융,499500,6097,18.35
A000132,종목_132,금융,401285,37695,-14.12
A000133,종목_133,IT,305503,22117,9.59
A000134,종목_134,금융,151871,11675,29.38
A000135,종목_135,에너지,361890,907,31.63
A000136,종목_136,바이오,225834,5844,9.97
A000137,종목_137,커뮤니케이션,121906,7390,-5.58
A000138,종목_138,바이오,202260,10572,47.9
A000139,종목_139,IT,221931,7953,23.07
A000140,종목_140,제조업,254593,15384,2.66
A000141,종목_141,커뮤니케이션,239746,14240,-7.56
A000142,종목_142,IT,8597,446,28.49
A000143,종목_143,제조업,310237,21826,-10.63
A000144,종목_144,바이오,431442,25371,-16.26
A000145,종목_145,IT,204199,18122,12.39
A000146,종목_146,커뮤니케이션,377794,20390,-6.8
A000147,종목_147,커뮤니케이션,485585,12608,20.31
A000148,종목_148,소비재,209434,1082,-20.56
A000149,종목_149,에너지,158489,15298,22.4
A000150,종목_150,금융,412909,12784,-7.34
A000151,종목_151,제조업,473890,44386,-29.98
A000152,종목_152,소비재,384100,20969,-19.85
A000153,종목_153,금융,116598,9256,44.69
A000154,종목_154,금융,251100,23631,39.39
A000155,종목_155,IT,259589,2019,-11.31
A000156,종목_156,금융,185233,3663,32.27
A000157,종목_157,에너지,253388,4371,18.69
A000158,종목_158,커뮤니케이션,134241,2553,47.67
A000159,종목_159,소비재,216164,18463,-0.11
A000160,종목_160,금융,154124,14638,24.52
A000161,종목_161,IT,466065,38817,-24.92
A000162,종목_162,에너지,205923,1830,1.7
A000163,종목_163,바이오,9036,762,47.11
A000164,종목_164,커뮤니케이션,32778,2777,13.12
A000165,종목_165,커뮤니케이션,421950,29994,-6.97
A000166,종목_166,소비재,155245,6087,-20.38
A000167,종목_167,커뮤니케이션,162475,2287,26.28
A000168,종목_168,금융,460537,28978,21.59
A000169,종목_169,IT,203747,19583,-0.08
A000170,종목_170,커뮤니케이션,400560,10458,46.08
A000171,종목_171,커뮤니케이션,19800,283,-28.22
A000172,종목_172,바이오,288516,3258,-5.7
A000173,종목_173,바이오,324660,7362,43.69
A000174,종목_174,제조업,283682,10803,-4.33
A000175,종목_175,에너지,327062,28907,-9.82
A000176,종목_176,금융,409189,30211,12.74
A000177,종목_177,커뮤니케이션,334299,23795,35.9
A000178,종목_178,커뮤니케이션,232312,6593,-21.75
A000179,종목_179,IT,60500,305,45.44
A000180,종목_180,제조업,168647,4398,33.61
A000181,종목_181,에너지,237527,8121,-15.5
A000182,종목_182,제조업,436477,27388,26.96
A000183,종목_183,소비재,111659,1417,0.8
A000184,종목_184,에너지,28716,77,2.18
A000185,종목_185,커뮤니케이션,397452,29616,32.66
A000186,종목_186,커뮤니케이션,410064,5991,47.02
A000187,종목_187,에너지,3352,200,-19.87
A000188,종목_188,커뮤니케이션,134004,2282,3.65
A000189,종목_189,금융,339593,22626,8.48
A000190,종목_190,에너지,9556,671,0.1
A000191,종목_191,제조업,262973,21599,-0.94
A000192,종목_192,에너지,349980,5185,-25.82
A000193,종목_193,커뮤니케이션,137570,3703,24.84
A000194,종목_194,금융,208190,4492,4.9
A000195,종목_195,금융,51098,4747,-14.42
A000196,종목_196,소비재,458602,20706,35.28
A000197,종목_197,제조업,375313,12015,34.2
A000198,종목_198,바이오,141641,4107,8.91
A000199,종목_199,바이오,248199,2416,-6.12
A000200,종목_200,에너지,127060,7753,21.05
A000201,종목_201,소비재,188954,16970,-6.95
A000202,종목_202,IT,202465,9137,-11.12
A000203,종목_203,에너지,131544,3506,28.44
A000204,종목_204,소비재,1340,79,-26.77
A000205,종목_205,제조업,176021,9917,-22.42
A000206,종목_206,제조업,83302,5358,-29.46
A000207,종목_207,제조업,456659,38677,-17.76
A000208,종목_208,제조업,223740,16875,-24.48
A000209,종목_209,제조업,468243,35131,49.66
A000210,종목_210,소비재,1138,11,-6.9
A000211,종목_211,소비재,394574,6183,-18.06
A000212,종목_212,금융,120619,5366,-10.72
A000213,종목_213,바이오,469466,33860,44.89
A000214,종목_214,커뮤니케이션,348520,15442,11.61
A000215,종목_215,제조업,100931,8848,-0.81
A000216,종목_216,IT,424870,29887,39.87
A000217,종목_217,커뮤니케이션,157951,5546,1.6
A000218,종목_218,소비재,344676,26974,-3.2
A000219,종목_219,IT,318922,22958,-13.42
A000220,종목_220,IT,38772,1087,0.22
A000221,종목_221,IT,59478,5860,-4.67
A000222,종목_222,금융,458569,44257,24.18
A000223,종목_223,소비재,27762,1637,-6.83
A000224,종목_224,IT,145355,12930,16.18
A000225,종목_225,제조업,195994,16925,-24.73
A000226,종목_226,에너지,171492,12076,-14.7
A000227,종목_227,IT,318712,15145,2.59
A000228,종목_228,금융,348234,5092,44.96
A000229,종목_229,커뮤니케이션,283363,7013,0.18
A000230,종목_230,소비재,320313,17064,23.13
A000231,종목_231,금융,494671,8995,-9.59
A000232,종목_232,IT,75965,1790,-19.84
A000233,종목_233,소비재,178912,13088,-25.32
A000234,종목_234,에너지,176767,2527,-5.57
A000235,종목_235,IT,237281,17272,-17.39
A000236,종목_236,금융,85754,3772,-16.08
A000237,종목_237,바이오,78988,2260,30.86
A000238,종목_238,제조업,452558,19838,-28.73
A000239,종목_239,커뮤니케이션,151023,13865,14.62
A000240,종목_240,금융,133379,6644,0.36
A000241,종목_241,소비재,81388,4122,10.52
A000242,종목_242,IT,353912,10116,15.03
A000243,종목_243,제조업,298572,7249,-4.93
A000244,종목_244,IT,240779,3024,-6.39
A000245,종목_245,소비재,355165,35441,28.67
A000246,종목_246,IT,381562,31576,39.7
A000247,종목_247,바이오,207846,15102,-14.59
A000248,종목_248,제조업,171047,13326,-22.19
A000249,종목_249,제조업,133212,9537,41.82
A000250,종목_250,소비재,419058,23220,-2.01
A000251,종목_251,커뮤니케이션,289565,17887,14.11
A000252,종목_252,바이오,264852,779,-1.24
A000253,종목_253,금융,397846,8069,-19.94
A000254,종목_254,IT,413811,20268,17.15
A000255,종목_255,에너지,77021,7163,12.01
A000256,종목_256,IT,160380,5163,-13.76
A000257,종목_257,IT,45789,1786,6.15
A000258,종목_258,금융,449906,4836,33.76
A000259,종목_259,IT,27086,1119,17.23
A000260,종목_260,바이오,280003,15440,-22.25
A000261,종목_261,바이오,8684,56,13.84
A000262,종목_262,제조업,92088,657,26.22
A000263,종목_263,소비재,395423,2174,33.42
A000264,종목_264,커뮤니케이션,47099,3922,20.33
A000265,종목_265,에너지,461712,24228,-17.79
A000266,종목_266,IT,67093,3503,26.81
A000267,종목_267,IT,161761,9700,24.19
A000268,종목_268,금융,311795,2030,-28.05
A000269,종목_269,소비재,14893,892,2.94
A000270,종목_270,바이오,492024,18418,-3.36
A000271,종목_271,에너지,67418,5722,23.55
A000272,종목_272,제조업,126074,3776,-12.71
A000273,종목_273,바이오,366209,18857,17.27
A000274,종목_274,소비재,131351,10517,43.06
A000275,종목_275,커뮤니케이션,192083,2146,33.82
A000276,종목_276,제조업,39635,147,43.72
A000277,종목_277,커뮤니케이션,450331,2857,48.28
A000278,종목_278,금융,96071,5165,-29.15
A000279,종목_279,금융,472621,9281,19.82
A000280,종목_280,IT,466918,43438,3.03
A000281,종목_281,커뮤니케이션,341662,33499,38.79
A000282,종목_282,소비재,369377,34762,-9.85
A000283,종목_283,에너지,366795,4475,48.48
A000284,종목_284,제조업,73805,3462,19.1
A000285,종목_285,바이오,453170,23534,33.48
A000286,종목_286,소비재,422280,29813,-23.15
A000287,종목_287,소비재,385957,23604,-15.32
A000288,종목_288,금융,342207,12249,30.67
A000289,종목_289,커뮤니케이션,265598,12603,-28.24
A000290,종목_290,IT,284022,25543,35.35
A000291,종목_291,IT,183170,16689,-28.88
A000292,종목_292,제조업,194226,4135,22.57
A000293,종목_293,금융,145063,4522,-0.79
A000294,종목_294,소비재,69344,1735,18.92
A000295,종목_295,에너지,368090,6881,25.68
A000296,종목_296,금융,37593,1108,-2.6
A000297,종목_297,제조업,37304,3404,-21.36
A000298,종목_298,제조업,424602,23222,-24.43
A000299,종목_299,금융,187292,1836,17.11
A000300,종목_300,제조업,114613,10264,11.65
A000301,종목_301,금융,201410,12744,29.38
A000302,종목_302,바이오,488505,38875,10.78
A000303,종목_303,금융,415299,30070,3.8
A000304,종목_304,커뮤니케이션,19354,964,1.85
A000305,종목_305,금융,285334,11526,-27.88
A000306,종목_306,제조업,7142,123,-3.16
A000307,종목_307,커뮤니케이션,422614,14684,48.08
A000308,종목_308,제조업,184043,11195,39.88
A000309,종목_309,IT,305006,23774,-3.65
A000310,종목_310,IT,492884,47963,17.02
A000311,종목_311,커뮤니케이션,185482,4948,37.78
A000312,종목_312,바이오,151575,14331,5.3
A000313,종목_313,IT,126438,1767,-28.56
A000314,종목_314,금융,49456,3831,-24.04
A000315,종목_315,제조업,101167,5865,10.83
A000316,종목_316,IT,345179,13125,47.56
A000317,종목_317,IT,499604,49822,25.46
A000318,종목_318,바이오,271160,15042,-24.33
A000319,종목_319,커뮤니케이션,265528,21556,-14.85
A000320,종목_320,커뮤니케이션,194392,9774,31.71
A000321,종목_321,소비재,409288,16316,37.32
A000322,종목_322,바이오,103239,4243,19.42
A000323,종목_323,금융,112431,3828,21.55
A000324,종목_324,커뮤니케이션,343162,30276,-27.73
A000325,종목_325,제조업,41510,3402,36.28
A000326,종목_326,바이오,181005,10535,33.06
A000327,종목_327,IT,284970,2169,-9.28
A000328,종목_328,제조업,331170,4283,26.69
A000329,종목_329,제조업,122668,8727,-12.81
A000330,종목_330,IT,243700,19794,-26.77
A000331,종목_331,바이오,419734,14395,-13.91
A000332,종목_332,IT,25045,1742,-15.71
A000333,종목_333,소비재,182948,9542,-2.98
A000334,종목_334,제조업,486662,44985,3.48
A000335,종목_335,에너지,91102,438,10.68
A000336,종목_336,에너지,315063,29307,8.14
A000337,종목_337,금융,100441,1068,-8.35
A000338,종목_338,커뮤니케이션,159175,4020,-27.67
A000339,종목_339,IT,250877,20846,18.41
A000340,종목_340,IT,430404,32689,1.66
A000341,종목_341,금융,137917,8455,-6.11
A000342,종목_342,금융,218770,19895,39.36
A000343,종목_343,금융,430890,38617,29.74
A000344,종목_344,제조업,119325,1262,38.62
A000345,종목_345,소비재,20337,1091,9.6
A000346,종목_346,IT,154385,6371,-19.53
A000347,종목_347,제조업,421159,25222,25.7
A000348,종목_348,금융,341093,24690,-13.51
A000349,종목_349,IT,263420,16929,5.3
A000350,종목_350,제조업,314295,334,-24.8
A000351,종목_351,소비재,411827,15754,36.02
A000352,종목_352,제조업,498857,6291,-19.92
A000353,종목_353,소비재,144016,14268,42.25
A000354,종목_354,금융,316031,11734,39.14
A000355,종목_355,소비재,82442,5429,7.17
A000356,종목_356,IT,50847,2995,29.55
A000357,종목_357,금융,59653,217,19.56
A000358,종목_358,IT,218144,21553,34.25
A000359,종목_359,에너지,254661,5542,4.54
A000360,종목_360,바이오,319766,16824,32.86
A000361,종목_361,소비재,290954,27783,7.0
A000362,종목_362,바이오,78842,5065,45.28
A000363,종목_363,바이오,385369,5765,8.91
A000364,종목_364,소비재,273647,284,7.01
A000365,종목_365,금융,85761,1770,32.81
A000366,종목_366,에너지,431192,38469,35.73
A000367,종목_367,IT,389583,10942,14.36
A000368,종목_368,제조업,274734,18995,-15.62
A000369,종목_369,IT,142958,1005,7.42
A000370,종목_370,제조업,407082,30420,47.45
A000371,종목_371,IT,329768,24616,30.24
A000372,종목_372,소비재,463115,38027,34.89
A000373,종목_373,에너지,164864,12175,-27.37
A000374,종목_374,제조업,403980,21016,7.43
A000375,종목_375,커뮤니케이션,257910,11864,21.73
A000376,종목_376,금융,121356,5349,36.4
A000377,종목_377,IT,218228,9918,-26.06
A000378,종목_378,IT,43727,363,38.2
A000379,종목_379,제조업,341615,22482,13.87
A000380,종목_380,금융,9068,71,-14.21
A000381,종목_381,금융,117923,9025,-4.62
A000382,종목_382,소비재,401511,13316,-7.45
A000383,종목_383,커뮤니케이션,435376,30352,12.47
A000384,종목_384,소비재,12390,305,-25.87
A000385,종목_385,소비재,107752,2456,-17.32
A000386,종목_386,소비재,414347,15824,35.02
A000387,종목_387,소비재,357898,12110,-19.39
A000388,종목_388,소비재,339113,5197,-11.33
A000389,종목_389,에너지,147110,977,6.27
A000390,종목_390,금융,446543,7691,11.37
A000391,종목_391,소비재,225790,13452,31.09
A000392,종목_392,금융,340208,23613,5.79
A000393,종목_393,금융,22281,571,33.19
A000394,종목_394,바이오,55189,4314,19.47
A000395,종목_395,에너지,263093,11852,-20.95
A000396,종목_396,소비재,311655,4718,-17.49
A000397,종목_397,IT,123115,4294,4.96
A000398,종목_398,제조업,9605,496,1.75
A000399,종목_399,커뮤니케이션,363462,28416,29.48
A000400,종목_400,IT,395597,27520,16.46
A000401,종목_401,에너지,460850,12531,1.05
A000402,종목_402,제조업,282954,5760,-16.34
A000403,종목_403,에너지,250415,16273,-11.85
A000404,종목_404,금융,156394,7301,16.04
A000405,종목_405,제조업,42869,1081,3.88
A000406,종목_406,금융,33955,1127,11.19
A000407,종목_407,IT,62388,4677,-16.35
A000408,종목_408,IT,242324,4753,23.03
A000409,종목_409,제조업,11207,612,38.2
A000410,종목_410,제조업,219401,20931,-9.36
A000411,종목_411,소비재,461844,691,9.32
A000412,종목_412,에너지,160292,8443,48.04
A000413,종목_413,소비재,478266,11304,-3.34
A000414,종목_414,에너지,497762,10952,17.6
A000415,종목_415,소비재,206157,17742,-22.78
A000416,종목_416,금융,23031,91,18.48
A000417,종목_417,제조업,464937,12210,-22.83
A000418,종목_418,IT,343951,19703,46.74
A000419,종목_419,에너지,72312,5923,27.25
A000420,종목_420,에너지,60766,3075,33.05
A000421,종목_421,IT,144521,1486,26.33
A000422,종목_422,소비재,352977,21208,17.18
A000423,종목_423,에너지,188771,12474,5.99
A000424,종목_424,커뮤니케이션,238199,19629,38.67
A000425,종목_425,금융,475469,44791,46.55
A000426,종목_426,제조업,237731,6101,9.92
A000427,종목_427,IT,236841,8042,44.52
A000428,종목_428,제조업,112041,7322,16.67
A000429,종목_429,커뮤니케이션,117185,8814,13.07
A000430,종목_430,에너지,178164,7544,6.36
A000431,종목_431,에너지,457887,34947,-13.26
A000432,종목_432,커뮤니케이션,11350,153,-29.7
A000433,종목_433,IT,228230,1771,-10.68
A000434,종목_434,금융,364003,7729,10.78
A000435,종목_435,바이오,262570,5767,0.4
A000436,종목_436,IT,69487,5048,5.88
A000437,종목_437,바이오,149694,5752,48.45
A000438,종목_438,커뮤니케이션,124853,804,-1.98
A000439,종목_439,소비재,464479,5977,6.17
A000440,종목_440,바이오,316261,30338,-19.32
A000441,종목_441,금융,236062,19612,-26.16
A000442,종목_442,소비재,452610,38640,32.03
A000443,종목_443,바이오,234077,15989,15.65
A000444,종목_444,커뮤니케이션,364228,33091,30.86
A000445,종목_445,소비재,24782,1145,-18.01
A000446,종목_446,커뮤니케이션,291598,5774,15.75
A000447,종목_447,바이오,331048,14820,-9.71
A000448,종목_448,커뮤니케이션,130936,6506,-11.76
A000449,종목_449,금융,409808,1967,-29.08
A000450,종목_450,바이오,154245,325,-19.57
A000451,종목_451,바이오,427420,20661,-5.26
A000452,종목_452,바이오,429812,18970,-20.65
A000453,종목_453,IT,428540,21231,48.87
A000454,종목_454,IT,123258,3670,-5.31
A000455,종목_455,IT,112668,6246,-19.57
A000456,종목_456,금융,455418,42329,-14.07
A000457,종목_457,소비재,483616,45218,17.02
A000458,종목_458,커뮤니케이션,387328,5017,-24.88
A000459,종목_459,에너지,424966,38986,38.99
A000460,종목_460,바이오,470328,31544,46.92
A000461,종목_461,커뮤니케이션,279710,1444,-10.26
A000462,종목_462,바이오,139262,6052,6.01
A000463,종목_463,금융,482823,40675,-28.23
A000464,종목_464,바이오,39333,2854,21.26
A000465,종목_465,IT,385073,18874,3.11
A000466,종목_466,에너지,212977,14975,-8.4
A000467,종목_467,제조업,90571,656,-13.45
A000468,종목_468,바이오,121263,11406,22.32
A000469,종목_469,커뮤니케이션,395805,11986,3.3
A000470,종목_470,IT,26235,1960,-15.63
A000471,종목_471,제조업,1159,102,25.13
A000472,종목_472,에너지,144217,6267,15.21
A000473,종목_473,제조업,475125,41515,38.69
A000474,종목_474,IT,163993,11610,-20.6
A000475,종목_475,소비재,368003,32108,32.85
A000476,종목_476,소비재,148309,7133,23.88
A000477,종목_477,제조업,108507,4024,-20.8
A000478,종목_478,금융,402460,34781,25.59
A000479,종목_479,커뮤니케이션,15743,1059,5.32
A000480,종목_480,커뮤니케이션,229174,2124,45.6
A000481,종목_481,제조업,47101,3557,-18.67
A000482,종목_482,바이오,243717,4598,21.43
A000483,종목_483,바이오,122534,8185,0.56
A000484,종목_484,커뮤니케이션,347371,25974,46.55
A000485,종목_485,커뮤니케이션,231604,11887,-3.6
A000486,종목_486,소비재,188450,10219,46.97
A000487,종목_487,금융,334270,27542,42.12
A000488,종목_488,IT,319215,453,-8.37
A000489,종목_489,바이오,203193,20178,34.28
A000490,종목_490,커뮤니케이션,337907,807,49.65
A000491,종목_491,소비재,488030,13341,-9.79
A000492,종목_492,에너지,236422,13032,4.94
A000493,종목_493,소비재,406453,13798,11.61
A000494,종목_494,바이오,147721,702,-6.41
A000495,종목_495,바이오,169785,3493,-28.78
A000496,종목_496,소비재,205535,10540,-12.39
A000497,종목_497,IT,177481,15463,-7.45
A000498,종목_498,제조업,180838,962,5.49
A000499,종목_499,바이오,47154,1698,-16.31
A000500,종목_500,소비재,270160,10784,39.86
A000501,종목_501,커뮤니케이션,473779,28824,26.39
A000502,종목_502,소비재,442904,18825,-23.18
A000503,종목_503,금융,352822,34020,22.01
A000504,종목_504,제조업,375200,34483,22.29
A000505,종목_505,에너지,55238,3914,46.5
A000506,종목_506,IT,321752,5985,-29.76
A000507,종목_507,에너지,90081,7849,-10.17
A000508,종목_508,제조업,248644,14021,44.22
A000509,종목_509,제조업,426113,9981,44.57
A000510,종목_510,제조업,314105,8989,27.65
A000511,종목_511,에너지,200775,4359,31.26
A000512,종목_512,커뮤니케이션,438973,9714,-22.68
A000513,종목_513,제조업,290061,376,11.11
A000514,종목_514,소비재,416952,34105,-11.47
A000515,종목_515,에너지,291134,9640,-15.5
A000516,종목_516,제조업,63551,3152,34.82
A000517,종목_517,소비재,452377,27464,-19.2
A000518,종목_518,커뮤니케이션,211695,13974,7.49
A000519,종목_519,금융,154512,13538,45.09
A000520,종목_520,커뮤니케이션,167277,14045,-15.13
A000521,종목_521,제조업,81811,5519,48.24
A000522,종목_522,에너지,255840,4388,49.54
A000523,종목_523,바이오,318247,13158,14.45
A000524,종목_524,제조업,465028,6746,-16.39
A000525,종목_525,바이오,435843,40354,-4.71
A000526,종목_526,소비재,369266,25358,3.96
A000527,종목_527,금융,235104,12228,-5.25
A000528,종목_528,IT,20008,584,-7.55
A000529,종목_529,커뮤니케이션,203346,1136,47.78
A000530,종목_530,금융,33402,436,-17.73
A000531,종목_531,제조업,185456,10113,28.67
A000532,종목_532,바이오,260994,1422,-29.97
A000533,종목_533,커뮤니케이션,400009,23143,17.69
A000534,종목_534,바이오,497043,20024,43.28
A000535,종목_535,에너지,137643,7022,-6.97
A000536,종목_536,바이오,491083,34487,-15.16
A000537,종목_537,에너지,410425,8840,22.13
A000538,종목_538,소비재,114550,1333,27.01
A000539,종목_539,커뮤니케이션,485146,23474,25.04
A000540,종목_540,커뮤니케이션,437364,41254,-4.45
A000541,종목_541,IT,92218,3993,-9.82
A000542,종목_542,제조업,134296,8289,46.47
A000543,종목_543,에너지,180767,7505,43.86
A000544,종목_544,IT,383923,3723,6.59
A000545,종목_545,바이오,392858,12563,37.7
A000546,종목_546,바이오,242060,1969,6.19
A000547,종목_547,IT,241016,17110,3.95
A000548,종목_548,커뮤니케이션,33441,1435,-17.46
A000549,종목_549,바이오,239038,17173,4.11
A000550,종목_550,소비재,171201,6059,12.99
A000551,종목_551,소비재,232324,15156,-28.2
A000552,종목_552,IT,325512,22050,5.53
A000553,종목_553,에너지,93122,4951,32.51
A000554,종목_554,에너지,45760,389,24.4
A000555,종목_555,IT,286622,9911,20.81
A000556,종목_556,에너지,391025,28050,42.76
A000557,종목_557,커뮤니케이션,334998,3433,-28.56
A000558,종목_558,커뮤니케이션,357374,1621,14.56
A000559,종목_559,에너지,348860,5178,32.99
A000560,종목_560,소비재,144252,5218,13.31
A000561,종목_561,에너지,99538,7783,-4.09
A000562,종목_562,커뮤니케이션,16372,35,-19.1
A000563,종목_563,금융,292940,941,41.01
A000564,종목_564,제조업,452488,39990,7.66
A000565,종목_565,바이오,222035,11285,40.25
A000566,종목_566,금융,361970,34463,16.87
A000567,종목_567,에너지,383736,37682,23.94
A000568,종목_568,소비재,356779,13411,34.34
A000569,종목_569,IT,112022,7838,22.73
A000570,종목_570,에너지,55040,835,1.84
A000571,종목_571,소비재,338501,11669,11.09
A000572,종목_572,제조업,203440,7279,34.24
A000573,종목_573,에너지,79356,6514,-0.11
A000574,종목_574,커뮤니케이션,279355,2206,1.05
A000575,종목_575,IT,368570,35145,-22.34
A000576,종목_576,소비재,268986,26067,43.17
A000577,종목_577,소비재,457331,12720,-22.72
A000578,종목_578,소비재,329996,10207,21.86
A000579,종목_579,제조업,388881,35967,3.06
A000580,종목_580,에너지,309112,9374,2.45
A000581,종목_581,제조업,280652,8224,24.36
A000582,종목_582,바이오,154077,9665,-24.63
A000583,종목_583,바이오,55575,3842,17.5
A000584,종목_584,에너지,474958,4381,31.76
A000585,종목_585,커뮤니케이션,151043,12600,36.26
A000586,종목_586,제조업,419815,21596,-16.36
A000587,종목_587,IT,481808,27745,41.79
A000588,종목_588,소비재,67914,2425,22.49
A000589,종목_589,소비재,250134,20902,40.55
A000590,종목_590,에너지,68055,5197,8.82
A000591,종목_591,커뮤니케이션,88697,2349,13.36
A000592,종목_592,바이오,107239,5408,43.52
A000593,종목_593,바이오,236469,12528,41.99
A000594,종목_594,소비재,124106,2588,5.85
A000595,종목_595,에너지,268499,21055,-8.05
A000596,종목_596,제조업,317264,21852,1.45
A000597,종목_597,바이오,468835,10440,1.02
A000598,종목_598,제조업,301486,11695,-7.05
A000599,종목_599,커뮤니케이션,480208,10332,-8.51
A000600,종목_600,바이오,473076,30225,38.89
A000601,종목_601,바이오,3257,37,-24.41
A000602,종목_602,금융,290508,13912,24.21
A000603,종목_603,바이오,157044,6719,-16.17
A000604,종목_604,IT,112715,10014,-2.44
A000605,종목_605,에너지,27654,1606,-25.08
A000606,종목_606,에너지,212841,2125,-8.4
A000607,종목_607,제조업,344567,29852,31.47
A000608,종목_608,커뮤니케이션,292464,15628,40.8
A000609,종목_609,바이오,21808,1712,-12.28
A000610,종목_610,IT,53389,4448,7.08
A000611,종목_611,제조업,489906,46629,7.63
A000612,종목_612,금융,119581,2148,39.89
A000613,종목_613,제조업,128927,4731,31.02
A000614,종목_614,제조업,35773,1327,11.05
A000615,종목_615,바이오,183240,236,23.66
A000616,종목_616,금융,421963,19793,37.79
A000617,종목_617,제조업,339540,9889,-29.24
A000618,종목_618,IT,370836,17391,2.23
A000619,종목_619,IT,215764,6969,42.58
A000620,종목_620,에너지,58505,865,29.23
A000621,종목_621,금융,349040,7744,13.43
A000622,종목_622,금융,19135,1558,12.37
A000623,종목_623,에너지,91887,845,-2.18
A000624,종목_624,제조업,123118,3386,11.64
A000625,종목_625,금융,490251,5975,22.43
A000626,종목_626,IT,310521,30796,3.47
A000627,종목_627,IT,155626,9027,27.13
A000628,종목_628,바이오,325635,13006,38.9
A000629,종목_629,금융,449837,29519,-17.63
A000630,종목_630,제조업,246739,17622,6.12
A000631,종목_631,에너지,321427,18445,2.64
A000632,종목_632,에너지,479356,47679,25.0
A000633,종목_633,제조업,280067,17718,-10.01
A000634,종목_634,커뮤니케이션,310735,30251,21.22
A000635,종목_635,소비재,63261,1822,40.2
A000636,종목_636,바이오,317480,6956,3.45
A000637,종목_637,에너지,337227,31958,42.88
A000638,종목_638,금융,61948,2674,49.45
A000639,종목_639,바이오,241891,21616,-21.51
A000640,종목_640,금융,165074,3939,-11.36
A000641,종목_641,커뮤니케이션,474314,4891,46.03
A000642,종목_642,IT,467232,9083,46.67
A000643,종목_643,바이오,289816,1863,-22.18
A000644,종목_644,에너지,267357,9110,-28.8
A000645,종목_645,바이오,142365,6963,-17.11
A000646,종목_646,바이오,494193,43794,49.68
A000647,종목_647,바이오,450076,9691,-15.6
A000648,종목_648,소비재,63507,4309,10.2
A000649,종목_649,바이오,58134,5333,37.87
A000650,종목_650,금융,134172,2357,-28.37
A000651,종목_651,IT,242225,7003,18.36
A000652,종목_652,커뮤니케이션,194069,15792,-7.84
A000653,종목_653,제조업,291316,3848,38.99
A000654,종목_654,바이오,283276,25025,-7.32
A000655,종목_655,에너지,249933,6759,24.94
A000656,종목_656,바이오,281343,8050,23.94
A000657,종목_657,에너지,37609,668,-12.28
A000658,종목_658,금융,175037,6798,-27.22
A000659,종목_659,에너지,140088,8138,2.74
A000660,종목_660,제조업,433995,17303,-6.86
A000661,종목_661,IT,497013,2645,34.72
A000662,종목_662,에너지,295025,28612,34.03
A000663,종목_663,에너지,214666,5230,6.56
A000664,종목_664,IT,287616,21908,18.52
A000665,종목_665,제조업,494678,14880,18.34
A000666,종목_666,바이오,183885,1394,36.17
A000667,종목_667,에너지,232440,7136,4.0
A000668,종목_668,IT,258803,17321,-7.96
A000669,종목_669,금융,168093,14010,-8.8
A000670,종목_670,IT,317275,21284,12.9
A000671,종목_671,금융,156159,6567,5.93
A000672,종목_672,제조업,13828,873,5.21
A000673,종목_673,바이오,455826,20135,-22.71
A000674,종목_674,IT,359808,11375,27.49
A000675,종목_675,커뮤니케이션,133473,8213,-12.9
A000676,종목_676,커뮤니케이션,479395,42131,-14.24
A000677,종목_677,소비재,278337,15876,3.02
A000678,종목_678,에너지,224461,19145,-11.78
A000679,종목_679,제조업,439080,40661,16.71
A000680,종목_680,IT,414523,1672,-0.28
A000681,종목_681,커뮤니케이션,365662,12693,5.91
A000682,종목_682,에너지,282755,4237,12.97
A000683,종목_683,커뮤니케이션,175863,16661,-13.72
A000684,종목_684,IT,406166,11621,-17.54
A000685,종목_685,금융,339384,6168,40.43
A000686,종목_686,IT,240719,2757,4.7
A000687,종목_687,소비재,209475,8219,2.97
A000688,종목_688,IT,265889,8141,-27.15
A000689,종목_689,IT,318387,12078,9.84
A000690,종목_690,소비재,267010,16596,14.33
A000691,종목_691,제조업,164317,4360,14.71
A000692,종목_692,IT,438940,27642,26.56
A000693,종목_693,소비재,391825,7046,-15.8
A000694,종목_694,에너지,72354,172,-9.82
A000695,종목_695,금융,52374,2650,34.86
A000696,종목_696,금융,115397,10005,45.77
A000697,종목_697,IT,249552,9776,-19.13
A000698,종목_698,제조업,387721,31001,9.81
A000699,종목_699,제조업,424332,35013,-12.87
A000700,종목_700,에너지,344173,14696,-25.19
A000701,종목_701,IT,356718,16867,-3.96
A000702,종목_702,금융,414663,25892,-18.5
A000703,종목_703,제조업,293575,17561,26.79
A000704,종목_704,IT,412124,23855,12.7
A000705,종목_705,커뮤니케이션,30336,2818,-18.49
A000706,종목_706,제조업,304136,23684,-29.26
A000707,종목_707,소비재,56350,2482,34.65
A000708,종목_708,커뮤니케이션,70561,5061,-15.9
A000709,종목_709,제조업,315099,21757,18.5
A000710,종목_710,금융,62240,194,-3.05
A000711,종목_711,바이오,152165,3584,16.84
A000712,종목_712,커뮤니케이션,400371,32456,-4.75
A000713,종목_713,에너지,47607,3279,-23.04
A000714,종목_714,에너지,427703,18458,-12.16
A000715,종목_715,금융,187740,12674,-14.96
A000716,종목_716,제조업,415179,40450,4.24
A000717,종목_717,IT,182196,5412,22.66
A000718,종목_718,제조업,316014,24617,-8.9
A000719,종목_719,금융,450763,32072,-29.03
A000720,종목_720,에너지,65110,5352,11.51
A000721,종목_721,제조업,185626,9493,18.46
A000722,종목_722,에너지,153008,10252,47.03
A000723,종목_723,커뮤니케이션,380039,679,17.16
A000724,종목_724,IT,5426,298,7.69
A000725,종목_725,커뮤니케이션,220911,577,15.87
A000726,종목_726,에너지,290750,5906,44.23
A000727,종목_727,에너지,442048,19200,36.27
A000728,종목_728,바이오,29151,701,-4.16
A000729,종목_729,바이오,473519,28534,-11.02
A000730,종목_730,커뮤니케이션,274452,11856,-8.99
A000731,종목_731,소비재,241853,16540,10.35
A000732,종목_732,커뮤니케이션,456738,9988,29.52
A000733,종목_733,바이오,255595,7109,10.26
A000734,종목_734,에너지,177743,6319,-24.58
A000735,종목_735,금융,91306,7035,27.89
A000736,종목_736,커뮤니케이션,226180,18911,34.48
A000737,종목_737,에너지,370128,6779,-6.84
A000738,종목_738,금융,3204,174,23.13
A000739,종목_739,금융,93769,6445,4.13
A000740,종목_740,바이오,88265,7617,41.13
A000741,종목_741,커뮤니케이션,294275,16634,37.62
A000742,종목_742,제조업,53428,3840,12.03
A000743,종목_743,IT,34870,2416,25.32
A000744,종목_744,바이오,104547,6599,40.67
A000745,종목_745,바이오,236990,21702,9.66
A000746,종목_746,제조업,50067,2448,-4.94
A000747,종목_747,IT,452801,1598,30.29
A000748,종목_748,에너지,239083,1121,-12.39
A000749,종목_749,소비재,113217,3625,1.08
A000750,종목_750,커뮤니케이션,415823,22865,39.26
A000751,종목_751,소비재,419184,3417,27.95
A000752,종목_752,에너지,99934,1977,2.3
A000753,종목_753,바이오,143980,5904,-12.82
A000754,종목_754,IT,420639,39881,-1.52
A000755,종목_755,바이오,337851,3899,-7.27
A000756,종목_756,금융,210329,5171,-15.91
A000757,종목_757,바이오,258354,9261,29.47
A000758,종목_758,바이오,62215,1356,-9.83
A000759,종목_759,에너지,187907,16483,6.33
A000760,종목_760,에너지,312573,15052,0.87
A000761,종목_761,에너지,345296,18451,48.57
A000762,종목_762,소비재,109048,8472,1.29
A000763,종목_763,금융,170530,385,-23.6
A000764,종목_764,에너지,178241,4902,-22.81
A000765,종목_765,IT,139731,6932,17.26
A000766,종목_766,소비재,454830,4070,17.95
A000767,종목_767,제조업,240977,5188,3.5
A000768,종목_768,IT,340384,6934,4.55
A000769,종목_769,커뮤니케이션,427009,35384,-25.69
A000770,종목_770,커뮤니케이션,114688,7511,11.32
A000771,종목_771,IT,309617,26982,10.38
A000772,종목_772,에너지,359906,7817,-18.04
A000773,종목_773,제조업,221460,12314,-21.69
A000774,종목_774,제조업,491834,41715,-20.11
A000775,종목_775,소비재,482546,22411,-21.92
A000776,종목_776,제조업,370100,22991,18.78
A000777,종목_777,커뮤니케이션,381596,4962,-14.28
A000778,종목_778,금융,187823,16855,-9.89
A000779,종목_779,에너지,389455,24591,-16.11
A000780,종목_780,제조업,210987,3925,46.63
A000781,종목_781,소비재,448470,39395,38.37
A000782,종목_782,커뮤니케이션,270150,16846,-11.56
A000783,종목_783,금융,250243,16134,-3.79
A000784,종목_784,바이오,75218,4916,-13.21
A000785,종목_785,바이오,197416,8377,9.35
A000786,종목_786,금융,428056,9860,-28.43
A000787,종목_787,커뮤니케이션,33430,390,23.71
A000788,종목_788,소비재,24091,1087,11.85
A000789,종목_789,금융,258125,25099,41.89
A000790,종목_790,에너지,427199,14538,-16.85
A000791,종목_791,에너지,24989,1590,34.33
A000792,종목_792,바이오,76451,2334,33.36
A000793,종목_793,제조업,19990,1517,-19.83
A000794,종목_794,소비재,353414,19387,1.88
A000795,종목_795,바이오,343504,1709,-16.39
A000796,종목_796,제조업,251541,15817,-9.62
A000797,종목_797,제조업,299225,11649,-8.94
A000798,종목_798,에너지,143105,2620,14.5
A000799,종목_799,커뮤니케이션,371416,29097,2.91
A000800,종목_800,IT,279385,17358,45.82
A000801,종목_801,커뮤니케이션,125932,4647,-19.89
A000802,종목_802,IT,269083,6773,47.9
A000803,종목_803,금융,114000,714,-11.55
A000804,종목_804,에너지,179634,12318,31.83
A000805,종목_805,제조업,36063,1091,-2.88
A000806,종목_806,소비재,494216,45691,-18.55
A000807,종목_807,IT,208793,1475,38.63
A000808,종목_808,커뮤니케이션,159117,2290,-5.29
A000809,종목_809,제조업,438985,30411,22.71
A000810,종목_810,IT,310262,24160,15.32
A000811,종목_811,IT,85703,5328,7.74
A000812,종목_812,IT,496164,36241,9.67
A000813,종목_813,소비재,415841,21867,28.58
A000814,종목_814,에너지,236796,11658,-22.98
A000815,종목_815,소비재,129557,6880,23.45
A000816,종목_816,바이오,290220,3590,41.66
A000817,종목_817,제조업,254317,18969,-25.38
A000818,종목_818,에너지,196877,11143,-18.75
A000819,종목_819,에너지,307749,9409,27.33
A000820,종목_820,에너지,347709,7880,4.98
A000821,종목_821,커뮤니케이션,482725,1926,2.28
A000822,종목_822,에너지,302265,19976,-19.04
A000823,종목_823,소비재,459317,7620,10.54
A000824,종목_824,에너지,294577,18372,-19.88
A000825,종목_825,금융,44309,1096,8.13
A000826,종목_826,제조업,330612,30894,31.09
A000827,종목_827,에너지,438470,2651,-9.34
A000828,종목_828,제조업,330437,1112,8.46
A000829,종목_829,금융,359402,34346,49.36
A000830,종목_830,금융,432069,14039,24.93
A000831,종목_831,제조업,301549,14016,37.31
A000832,종목_832,IT,460868,19012,3.19
A000833,종목_833,바이오,44527,1899,31.43
A000834,종목_834,커뮤니케이션,340371,657,-26.76
A000835,종목_835,IT,394708,21467,-20.17
A000836,종목_836,IT,225490,19611,-13.75
A000837,종목_837,소비재,140883,3476,2.16
A000838,종목_838,커뮤니케이션,94344,9357,37.66
A000839,종목_839,커뮤니케이션,156344,6508,-2.3
A000840,종목_840,IT,488151,11641,22.37
A000841,종목_841,에너지,466226,7610,26.75
A000842,종목_842,소비재,224564,1984,16.89
A000843,종목_843,소비재,48153,3706,-1.42
A000844,종목_844,금융,109042,958,16.16
A000845,종목_845,커뮤니케이션,55110,3966,-2.62
A000846,종목_846,IT,146051,13736,-23.29
A000847,종목_847,금융,242131,775,49.42
A000848,종목_848,제조업,240173,11080,-19.83
A000849,종목_849,바이오,29328,1976,-24.21
A000850,종목_850,소비재,113911,4126,40.28
A000851,종목_851,제조업,276011,27422,-5.85
A000852,종목_852,제조업,60234,3361,22.02
A000853,종목_853,에너지,288995,19291,-3.68
A000854,종목_854,바이오,294423,27644,1.32
A000855,종목_855,제조업,249503,11345,-9.03
A000856,종목_856,제조업,228135,1715,-2.56
A000857,종목_857,바이오,74402,2236,2.86
A000858,종목_858,바이오,278593,16622,27.63
A000859,종목_859,제조업,339365,27724,10.92
A000860,종목_860,바이오,352224,16445,45.49
A000861,종목_861,제조업,6451,165,-26.65
A000862,종목_862,제조업,88178,2856,10.25
A000863,종목_863,에너지,435532,7622,16.74
A000864,종목_864,IT,457280,6621,43.62
A000865,종목_865,제조업,326905,30547,-26.07
A000866,종목_866,금융,237562,12342,15.88
A000867,종목_867,소비재,302014,7038,38.29
A000868,종목_868,커뮤니케이션,359710,2463,-10.65
A000869,종목_869,IT,386893,18044,40.1
A000870,종목_870,IT,124765,1897,-28.48
A000871,종목_871,IT,388025,35745,28.6
A000872,종목_872,에너지,425089,35943,44.65
A000873,종목_873,제조업,129389,7723,22.58
A000874,종목_874,에너지,190699,16852,5.12
A000875,종목_875,제조업,198227,3134,-26.41
A000876,종목_876,에너지,493402,1317,43.61
A000877,종목_877,에너지,288516,12669,7.62
A000878,종목_878,소비재,266786,10919,-27.68
A000879,종목_879,금융,261220,12434,25.19
A000880,종목_880,에너지,422217,39539,8.55
A000881,종목_881,소비재,297208,17874,-20.05
A000882,종목_882,바이오,226898,19493,-12.86
A000883,종목_883,금융,277266,22455,-24.84
A000884,종목_884,에너지,419036,33781,15.94
A000885,종목_885,커뮤니케이션,69431,4903,19.76
A000886,종목_886,IT,56745,2961,10.46
A000887,종목_887,바이오,51081,840,35.37
A000888,종목_888,바이오,465118,14757,38.88
A000889,종목_889,소비재,402927,1981,19.25
A000890,종목_890,바이오,217204,10265,-28.98
A000891,종목_891,금융,413009,31914,25.62
A000892,종목_892,에너지,402415,5836,3.44
A000893,종목_893,에너지,77253,2962,15.24
A000894,종목_894,커뮤니케이션,299335,25531,21.93
A000895,종목_895,IT,273355,26640,-1.98
A000896,종목_896,소비재,112086,10693,43.37
A000897,종목_897,IT,457285,18064,-19.28
A000898,종목_898,바이오,483112,38130,23.72
A000899,종목_899,커뮤니케이션,450962,13173,-29.65
A000900,종목_900,IT,415758,4266,43.97
A000901,종목_901,금융,425528,33019,-21.0
A000902,종목_902,에너지,439458,24412,-22.41
A000903,종목_903,바이오,365115,2952,-3.36
A000904,종목_904,커뮤니케이션,94783,6083,-0.11
A000905,종목_905,IT,126681,5482,-12.86
A000906,종목_906,소비재,88893,2140,16.81
A000907,종목_907,금융,449604,12125,5.43
A000908,종목_908,금융,159763,15170,-27.27
A000909,종목_909,IT,78960,3195,-4.43
A000910,종목_910,에너지,347532,26182,34.83
A000911,종목_911,IT,23601,2175,25.18
A000912,종목_912,바이오,412236,19581,27.99
A000913,종목_913,IT,140227,4345,25.85
A000914,종목_914,금융,201191,7567,-5.12
A000915,종목_915,커뮤니케이션,475267,5213,-22.03
A000916,종목_916,IT,168849,6372,-8.2
A000917,종목_917,에너지,282854,13714,36.54
A000918,종목_918,커뮤니케이션,371858,27530,48.44
A000919,종목_919,소비재,156604,3621,9.51
A000920,종목_920,제조업,129727,5799,-29.22
A000921,종목_921,IT,412817,15349,-18.8
A000922,종목_922,에너지,64227,953,-4.23
A000923,종목_923,커뮤니케이션,137039,12024,16.29
A000924,종목_924,에너지,85289,6337,-23.99
A000925,종목_925,소비재,152094,3268,45.47
A000926,종목_926,금융,437679,11246,-0.79
A000927,종목_927,에너지,206743,6490,43.01
A000928,종목_928,커뮤니케이션,268866,3079,32.44
A000929,종목_929,에너지,159485,2210,30.43
A000930,종목_930,에너지,486988,23246,18.54
A000931,종목_931,에너지,344194,3055,20.14
A000932,종목_932,바이오,234820,10805,21.04
A000933,종목_933,바이오,237994,16806,20.3
A000934,종목_934,금융,480083,27162,14.3
A000935,종목_935,IT,346740,5497,48.91
A000936,종목_936,에너지,329876,6394,28.58
A000937,종목_937,소비재,406513,39383,32.16
A000938,종목_938,IT,69323,153,39.8
A000939,종목_939,소비재,286960,14985,-12.75
A000940,종목_940,IT,41695,4073,-23.3
A000941,종목_941,금융,413918,3456,8.63
A000942,종목_942,에너지,419458,2777,11.13
A000943,종목_943,에너지,56841,5002,36.33
A000944,종목_944,제조업,391642,6888,5.5
A000945,종목_945,소비재,199784,3811,15.67
A000946,종목_946,IT,479879,18482,12.17
A000947,종목_947,IT,108096,8668,-26.94
A000948,종목_948,바이오,93764,2936,19.22
A000949,종목_949,제조업,447790,1094,36.24
A000950,종목_950,커뮤니케이션,86744,6750,-17.4
A000951,종목_951,커뮤니케이션,291626,1032,17.55
A000952,종목_952,바이오,10171,502,17.49
A000953,종목_953,바이오,101755,5000,-16.87
A000954,종목_954,바이오,493148,28263,-20.12
A000955,종목_955,소비재,109125,5482,48.4
A000956,종목_956,소비재,393866,7663,1.5
A000957,종목_957,금융,369226,21786,-11.81
A000958,종목_958,금융,4696,375,-16.29
A000959,종목_959,바이오,127310,5607,23.41
A000960,종목_960,제조업,414274,39368,18.76
A000961,종목_961,IT,152385,11308,21.48
A000962,종목_962,소비재,282293,1617,-22.96
A000963,종목_963,제조업,393208,22352,41.48
A000964,종목_964,에너지,316665,22955,1.14
A000965,종목_965,소비재,46740,4001,-4.93
A000966,종목_966,소비재,107611,7916,6.99
A000967,종목_967,금융,399172,5179,1.21
A000968,종목_968,IT,469947,6107,39.09
A000969,종목_969,IT,476828,9013,44.34
A000970,종목_970,커뮤니케이션,249922,17875,-5.72
A000971,종목_971,커뮤니케이션,329785,7991,39.11
A000972,종목_972,커뮤니케이션,64811,6298,32.52
A000973,종목_973,커뮤니케이션,446376,42184,44.46
A000974,종목_974,에너지,183385,16431,-10.34
A000975,종목_975,에너지,64232,6370,16.16
A000976,종목_976,소비재,278561,17039,-8.04
A000977,종목_977,바이오,156801,6756,35.93
A000978,종목_978,금융,113492,678,-29.57
A000979,종목_979,금융,31099,99,15.19
A000980,종목_980,커뮤니케이션,230206,20811,-2.86
A000981,종목_981,소비재,424177,19180,-4.19
A000982,종목_982,제조업,406818,30367,21.59
A000983,종목_983,바이오,119474,10099,38.12
A000984,종목_984,소비재,272400,26997,18.74
A000985,종목_985,바이오,480336,19015,38.25
A000986,종목_986,바이오,244588,5932,-8.83
A000987,종목_987,바이오,35681,1895,11.56
A000988,종목_988,소비재,92328,9123,6.04
A000989,종목_989,커뮤니케이션,219512,2257,-29.07
A000990,종목_990,금융,459005,41657,14.54
A000991,종목_991,금융,306505,2146,22.92
A000992,종목_992,커뮤니케이션,458719,799,17.35
A000993,종목_993,바이오,35540,2297,28.9
A000994,종목_994,제조업,158608,8956,15.71
A000995,종목_995,IT,85700,3107,-24.66
A000996,종목_996,소비재,457259,19412,-20.68
A000997,종목_997,IT,341676,9201,17.72
A000998,종목_998,커뮤니케이션,188647,6062,-8.0
A000999,종목_999,제조업,390770,14462,-23.63
A001000,종목_1000,소비재,397087,26024,4.37
A001001,종목_1001,커뮤니케이션,47002,4497,14.35
A001002,종목_1002,바이오,50812,4576,-3.7
A001003,종목_1003,금융,416842,21778,27.63
A001004,종목_1004,IT,192051,8600,21.5
A001005,종목_1005,에너지,470273,18528,-3.37
A001006,종목_1006,에너지,258906,3790,30.39
A001007,종목_1007,제조업,109946,8395,21.9
A001008,종목_1008,바이오,67668,6575,21.0
A001009,종목_1009,IT,100003,5521,14.27
A001010,종목_1010,바이오,212142,15546,-29.09
A001011,종목_1011,IT,221462,4562,25.72
A001012,종목_1012,제조업,306142,9491,0.08
A001013,종목_1013,제조업,195886,18140,45.41
A001014,종목_1014,에너지,105601,3817,35.44
A001015,종목_1015,바이오,439823,41882,17.02
A001016,종목_1016,소비재,270956,8600,-9.83
A001017,종목_1017,에너지,62844,5471,-13.7
A001018,종목_1018,바이오,202165,501,-2.77
A001019,종목_1019,에너지,396395,33878,8.13
A001020,종목_1020,소비재,175870,4060,-6.31
A001021,종목_1021,금융,75601,995,11.19
A001022,종목_1022,금융,402491,13969,-16.77
A001023,종목_1023,금융,444790,37561,48.22
A001024,종목_1024,금융,311001,23062,-21.37
A001025,종목_1025,커뮤니케이션,388699,20340,44.56
A001026,종목_1026,IT,495700,34572,43.09
A001027,종목_1027,커뮤니케이션,283844,26123,12.03
A001028,종목_1028,커뮤니케이션,258927,15433,27.99
A001029,종목_1029,커뮤니케이션,433680,10302,4.88
A001030,종목_1030,금융,174423,8708,20.4
A001031,종목_1031,소비재,94330,4330,-2.75
A001032,종목_1032,제조업,226391,21110,-5.91
A001033,종목_1033,제조업,214606,21139,16.26
A001034,종목_1034,IT,408085,39417,9.85
A001035,종목_1035,금융,192387,17082,16.36
A001036,종목_1036,금융,242133,14645,-7.07
A001037,종목_1037,금융,487904,664,-0.64
A001038,종목_1038,에너지,415170,494,-23.29
A001039,종목_1039,바이오,163627,12298,-25.82
A001040,종목_1040,에너지,326497,8718,-9.72
A001041,종목_1041,바이오,476406,12685,-24.06
A001042,종목_1042,금융,439242,31031,-21.7
A001043,종목_1043,금융,363916,20285,35.03
A001044,종목_1044,에너지,179048,14137,-26.89
A001045,종목_1045,에너지,474794,23806,22.72
A001046,종목_1046,바이오,354646,3481,-8.2
A001047,종목_1047,제조업,377087,17343,39.72
A001048,종목_1048,바이오,372994,34411,8.8
A001049,종목_1049,에너지,46095,2976,-5.55
A001050,종목_1050,소비재,146342,5719,11.41
A001051,종목_1051,에너지,162980,1215,0.56
A001052,종목_1052,소비재,278667,24248,15.14
A001053,종목_1053,IT,63433,3949,-20.84
A001054,종목_1054,에너지,441284,37590,49.76
A001055,종목_1055,IT,20991,735,4.04
A001056,종목_1056,제조업,273919,10757,-2.14
A001057,종목_1057,바이오,472017,22255,26.82
A001058,종목_1058,소비재,348139,1037,-0.89
A001059,종목_1059,바이오,455466,19035,36.66
A001060,종목_1060,IT,148745,13243,6.34
A001061,종목_1061,소비재,123808,4744,27.56
A001062,종목_1062,바이오,159128,5396,-21.4
A001063,종목_1063,에너지,138686,10906,37.69
A001064,종목_1064,금융,495772,40750,28.86
A001065,종목_1065,IT,8415,709,-13.06
A001066,종목_1066,바이오,482907,23440,-18.38
A001067,종목_1067,IT,247038,16564,-4.7
A001068,종목_1068,커뮤니케이션,438100,42524,48.09
A001069,종목_1069,IT,411180,7399,-9.45
A001070,종목_1070,소비재,431942,19437,6.49
A001071,종목_1071,커뮤니케이션,255205,16829,-27.6
A001072,종목_1072,소비재,300188,23229,1.78
A001073,종목_1073,금융,189221,16710,15.71
A001074,종목_1074,커뮤니케이션,169616,16877,46.25
A001075,종목_1075,에너지,50976,1549,11.34
A001076,종목_1076,IT,426468,9170,35.53
A001077,종목_1077,바이오,266976,13440,13.77
A001078,종목_1078,제조업,222883,2799,-26.74
A001079,종목_1079,IT,212509,10682,-4.8
A001080,종목_1080,IT,497965,1289,16.04
A001081,종목_1081,금융,297292,27088,46.05
A001082,종목_1082,에너지,455456,17593,38.73
A001083,종목_1083,제조업,240241,9970,-11.73
A001084,종목_1084,커뮤니케이션,220526,13858,-12.39
A001085,종목_1085,커뮤니케이션,375374,36654,-13.91
A001086,종목_1086,커뮤니케이션,348220,28924,43.8
A001087,종목_1087,소비재,471332,24840,38.21
A001088,종목_1088,소비재,447675,20422,31.99
A001089,종목_1089,바이오,301546,5755,1.42
A001090,종목_1090,제조업,189799,2004,10.35
A001091,종목_1091,커뮤니케이션,39578,1487,7.15
A001092,종목_1092,소비재,91453,3531,-9.73
A001093,종목_1093,바이오,416534,38660,10.4
A001094,종목_1094,에너지,338859,33056,-27.56
A001095,종목_1095,바이오,209859,8837,-19.46
A001096,종목_1096,소비재,112435,9873,40.93
A001097,종목_1097,금융,217101,3945,30.13
A001098,종목_1098,금융,152538,7853,3.83
A001099,종목_1099,커뮤니케이션,358886,24938,11.37
A001100,종목_1100,금융,46475,2323,-0.4
A001101,종목_1101,커뮤니케이션,323286,32123,29.26
A001102,종목_1102,커뮤니케이션,217232,17530,32.73
A001103,종목_1103,소비재,158636,13677,31.06
A001104,종목_1104,금융,154484,7393,27.81
A001105,종목_1105,커뮤니케이션,94526,6568,-13.64
A001106,종목_1106,제조업,52001,4769,-2.96
A001107,종목_1107,에너지,320793,18231,7.59
A001108,종목_1108,바이오,193029,7852,-3.54
A001109,종목_1109,바이오,429733,1027,30.4
A001110,종목_1110,소비재,145228,5677,-3.65
A001111,종목_1111,금융,417280,32287,-18.94
A001112,종목_1112,금융,26711,2658,1.92
A001113,종목_1113,커뮤니케이션,31106,115,48.39
A001114,종목_1114,IT,328602,15502,-11.93
A001115,종목_1115,커뮤니케이션,410805,6159,18.97
A001116,종목_1116,에너지,483488,20535,4.64
A001117,종목_1117,제조업,393573,23445,-24.32
A001118,종목_1118,바이오,218583,1928,9.03
A001119,종목_1119,커뮤니케이션,364898,29104,26.17
A001120,종목_1120,IT,139286,1132,11.06
A001121,종목_1121,IT,228189,13361,39.77
A001122,종목_1122,커뮤니케이션,479947,2098,-6.89
A001123,종목_1123,소비재,127479,10159,-23.1
A001124,종목_1124,바이오,421343,12066,44.93
A001125,종목_1125,소비재,137213,4059,0.26
A001126,종목_1126,제조업,29884,697,16.11
A001127,종목_1127,IT,484637,10278,33.36
A001128,종목_1128,IT,265852,18660,-4.05
A001129,종목_1129,에너지,281519,12228,27.29
A001130,종목_1130,제조업,16088,642,-19.17
A001131,종목_1131,IT,320759,18545,-6.7
A001132,종목_1132,제조업,373282,5061,-18.42
A001133,종목_1133,바이오,177118,3920,34.9
A001134,종목_1134,금융,273158,18356,-12.19
A001135,종목_1135,IT,196497,3378,27.39
A001136,종목_1136,에너지,397489,28242,45.46
A001137,종목_1137,바이오,179207,13745,12.22
A001138,종목_1138,커뮤니케이션,365986,8192,13.2
A001139,종목_1139,제조업,425097,21778,6.88
A001140,종목_1140,커뮤니케이션,491238,46221,-3.93
A001141,종목_1141,소비재,79077,6938,8.05
A001142,종목_1142,바이오,140784,2463,18.22
A001143,종목_1143,커뮤니케이션,206776,14804,48.88
A001144,종목_1144,IT,316018,7230,45.02
A001145,종목_1145,제조업,70087,3423,38.97
A001146,종목_1146,금융,275441,10658,41.13
A001147,종목_1147,바이오,241341,3356,7.43
A001148,종목_1148,IT,290272,4456,22.6
A001149,종목_1149,에너지,69368,5835,41.61
A001150,종목_1150,소비재,488235,16340,1.44
A001151,종목_1151,제조업,481815,42180,46.94
A001152,종목_1152,바이오,220571,3761,3.26
A001153,종목_1153,바이오,342102,18771,18.09
A001154,종목_1154,금융,296064,3392,26.78
A001155,종목_1155,금융,252514,21631,46.05
A001156,종목_1156,에너지,405372,11208,-10.43
A001157,종목_1157,소비재,143180,2197,29.69
A001158,종목_1158,에너지,426061,17773,11.67
A001159,종목_1159,IT,397016,17685,-8.52
A001160,종목_1160,IT,260904,5371,32.13
A001161,종목_1161,에너지,497830,32869,14.18
A001162,종목_1162,소비재,436928,4712,22.88
A001163,종목_1163,에너지,396826,30958,-4.17
A001164,종목_1164,소비재,78603,7376,8.5
A001165,종목_1165,소비재,34872,494,19.39
A001166,종목_1166,커뮤니케이션,273872,2970,2.39
A001167,종목_1167,제조업,358246,16298,-14.13
A001168,종목_1168,소비재,489535,20084,46.93
A001169,종목_1169,금융,385193,2240,10.92
A001170,종목_1170,소비재,283727,27800,28.71
A001171,종목_1171,소비재,86774,6788,2.88
A001172,종목_1172,소비재,401479,26662,-1.59
A001173,종목_1173,커뮤니케이션,389518,31546,2.57
A001174,종목_1174,커뮤니케이션,199522,10725,2.74
A001175,종목_1175,IT,221357,19963,13.53
A001176,종목_1176,커뮤니케이션,413672,32015,13.48
A001177,종목_1177,금융,354262,26910,9.77
A001178,종목_1178,금융,66942,3483,-19.22
A001179,종목_1179,커뮤니케이션,14689,1454,9.69
A001180,종목_1180,에너지,427150,42286,-16.47
A001181,종목_1181,제조업,34276,43,-19.91
A001182,종목_1182,커뮤니케이션,102968,1802,44.61
A001183,종목_1183,소비재,414089,1292,18.4
A001184,종목_1184,바이오,276194,19748,22.76
A001185,종목_1185,제조업,67216,6060,2.14
A001186,종목_1186,제조업,216516,2323,42.72
A001187,종목_1187,금융,347184,2318,21.03
A001188,종목_1188,제조업,22644,1907,31.53
A001189,종목_1189,커뮤니케이션,63021,861,-0.52
A001190,종목_1190,소비재,169197,6403,46.8
A001191,종목_1191,소비재,461115,9804,35.64
A001192,종목_1192,IT,43291,2051,38.32
A001193,종목_1193,소비재,429276,36648,-16.22
A001194,종목_1194,소비재,395754,33551,-8.32
A001195,종목_1195,금융,430392,9942,-7.15
A001196,종목_1196,소비재,304664,8016,-8.33
A001197,종목_1197,IT,26675,880,38.43
A001198,종목_1198,바이오,150359,231,-27.45
A001199,종목_1199,커뮤니케이션,263318,11785,-23.91
A001200,종목_1200,금융,93268,5323,-8.09
A001201,종목_1201,바이오,298142,27696,-14.01
A001202,종목_1202,금융,496807,15105,-11.45
A001203,종목_1203,에너지,185384,9334,33.84
A001204,종목_1204,제조업,406328,40432,15.05
A001205,종목_1205,에너지,106410,8680,-29.54
A001206,종목_1206,소비재,338369,19699,4.35
A001207,종목_1207,바이오,307958,27899,2.63
A001208,종목_1208,소비재,348235,20742,-20.88
A001209,종목_1209,제조업,313863,24669,24.09
A001210,종목_1210,금융,130887,12747,26.17
A001211,종목_1211,제조업,297063,18425,27.67
A001212,종목_1212,IT,336299,9058,28.28
A001213,종목_1213,제조업,334713,3743,-30.0
A001214,종목_1214,IT,304472,27017,46.31
A001215,종목_1215,제조업,202554,13925,35.14
A001216,종목_1216,커뮤니케이션,287762,20731,42.32
A001217,종목_1217,IT,35675,1543,-28.75
A001218,종목_1218,바이오,496010,6060,44.71
A001219,종목_1219,소비재,282063,26056,34.78
A001220,종목_1220,소비재,267317,8978,36.98
A001221,종목_1221,에너지,372513,13900,-22.54
A001222,종목_1222,소비재,289544,19180,29.1
A001223,종목_1223,금융,182517,9926,46.79
A001224,종목_1224,커뮤니케이션,71305,1629,24.28
A001225,종목_1225,제조업,169636,8318,15.64
A001226,종목_1226,에너지,440030,39718,45.65
A001227,종목_1227,금융,473963,17005,5.43
A001228,종목_1228,금융,89791,783,17.94
A001229,종목_1229,IT,160034,578,8.11
A001230,종목_1230,소비재,479108,2768,44.63
A001231,종목_1231,바이오,480058,22226,-23.91
A001232,종목_1232,바이오,71533,3328,10.09
A001233,종목_1233,에너지,188256,3624,24.96
A001234,종목_1234,커뮤니케이션,477128,23263,33.35
A001235,종목_1235,바이오,366735,15724,16.64
A001236,종목_1236,제조업,142650,13839,42.71
A001237,종목_1237,바이오,132060,4225,45.36
A001238,종목_1238,에너지,150696,14684,-24.85
A001239,종목_1239,바이오,302338,20774,2.19
A001240,종목_1240,제조업,373047,13670,-28.12
A001241,종목_1241,IT,394605,17360,-3.65
A001242,종목_1242,커뮤니케이션,362447,11895,12.95
A001243,종목_1243,에너지,243188,8610,42.86
A001244,종목_1244,IT,377047,30489,37.72
A001245,종목_1245,IT,330535,22269,-19.8
A001246,종목_1246,IT,238501,17256,-22.56
A001247,종목_1247,금융,408010,20003,17.14
A001248,종목_1248,커뮤니케이션,321146,22093,12.57
A001249,종목_1249,소비재,298675,23808,-8.69
A001250,종목_1250,커뮤니케이션,184887,451,41.96
A001251,종목_1251,금융,5986,465,44.19
A001252,종목_1252,소비재,295442,17176,2.21
A001253,종목_1253,커뮤니케이션,264625,11456,41.22
A001254,종목_1254,IT,319552,26076,0.72
A001255,종목_1255,에너지,201339,10637,28.95
A001256,종목_1256,소비재,122950,11244,8.08
A001257,종목_1257,제조업,411051,24712,-20.19
A001258,종목_1258,제조업,126355,4149,44.23
A001259,종목_1259,바이오,28798,466,6.33
A001260,종목_1260,소비재,92649,1847,28.76
A001261,종목_1261,에너지,328031,23517,-0.63
A001262,종목_1262,금융,20477,1588,-28.49
A001263,종목_1263,IT,411482,2640,-21.96
A001264,종목_1264,바이오,218400,20051,9.7
A001265,종목_1265,제조업,218060,18329,25.2
A001266,종목_1266,금융,390959,26028,-3.22
A001267,종목_1267,금융,437742,24235,25.64
A001268,종목_1268,IT,390570,30227,25.89
A001269,종목_1269,소비재,406105,7700,26.31
A001270,종목_1270,제조업,287479,1875,9.4
A001271,종목_1271,에너지,405470,30875,43.19
A001272,종목_1272,금융,349754,18183,9.14
A001273,종목_1273,IT,274586,24024,6.02
A001274,종목_1274,에너지,309433,30230,-14.05
A001275,종목_1275,소비재,316891,22941,-5.39
A001276,종목_1276,제조업,300471,23459,-26.61
A001277,종목_1277,소비재,410415,29154,20.68
A001278,종목_1278,금융,335971,13113,-10.12
A001279,종목_1279,에너지,107464,8077,-5.67
A001280,종목_1280,에너지,132184,12460,31.67
A001281,종목_1281,에너지,88051,6662,-3.82
A001282,종목_1282,금융,151653,15004,-10.62
A001283,종목_1283,금융,246300,8884,-16.48
A001284,종목_1284,소비재,60722,1140,31.99
A001285,종목_1285,바이오,93036,4542,-19.62
A001286,종목_1286,소비재,229634,2941,6.3
A001287,종목_1287,제조업,148595,10153,10.55
A001288,종목_1288,IT,330104,6867,24.99
A001289,종목_1289,에너지,249709,18831,20.66
A001290,종목_1290,바이오,282696,23118,34.86
A001291,종목_1291,IT,142880,11136,-26.42
A001292,종목_1292,바이오,236419,23524,-6.28
A001293,종목_1293,커뮤니케이션,466741,14196,-7.59
A001294,종목_1294,소비재,155692,4008,-18.32
A001295,종목_1295,금융,498781,28451,-6.87
A001296,종목_1296,에너지,264031,19025,-5.22
A001297,종목_1297,소비재,294946,6426,11.75
A001298,종목_1298,IT,86024,7755,23.1
A001299,종목_1299,커뮤니케이션,489765,7126,0.49
A001300,종목_1300,커뮤니케이션,246809,5319,27.56
A001301,종목_1301,커뮤니케이션,119639,11648,-3.11
A001302,종목_1302,IT,381392,4496,-6.78
A001303,종목_1303,IT,82938,3526,13.3
A001304,종목_1304,IT,218813,7122,-28.1
A001305,종목_1305,IT,253100,2418,-23.62
A001306,종목_1306,커뮤니케이션,385890,818,3.44
A001307,종목_1307,커뮤니케이션,289193,11370,45.43
A001308,종목_1308,바이오,340933,3374,27.72
A001309,종목_1309,소비재,85526,590,-22.95
A001310,종목_1310,에너지,402062,39643,37.71
A001311,종목_1311,금융,484779,37788,28.58
A001312,종목_1312,커뮤니케이션,498952,46890,18.88
A001313,종목_1313,금융,47220,1967,35.62
A001314,종목_1314,소비재,309307,14128,2.33
A001315,종목_1315,소비재,397981,9087,-12.28
A001316,종목_1316,금융,380270,3017,10.96
A001317,종목_1317,커뮤니케이션,344630,31731,13.91
A001318,종목_1318,금융,439486,7372,13.07
A001319,종목_1319,바이오,76277,3327,15.21
A001320,종목_1320,제조업,482494,17822,45.9
A001321,종목_1321,커뮤니케이션,484455,23099,42.18
A001322,종목_1322,커뮤니케이션,367389,29893,40.06
A001323,종목_1323,에너지,123332,1798,34.11
A001324,종목_1324,IT,235231,3800,45.47
A001325,종목_1325,제조업,23931,1015,-22.12
A001326,종목_1326,소비재,90116,8385,-8.79
A001327,종목_1327,커뮤니케이션,252671,2368,9.6
A001328,종목_1328,금융,318777,21493,37.72
A001329,종목_1329,제조업,474918,45806,10.41
A001330,종목_1330,에너지,52913,4541,29.84
A001331,종목_1331,소비재,251216,20657,-18.88
A001332,종목_1332,IT,95776,9575,-9.81
A001333,종목_1333,IT,26991,357,28.54
A001334,종목_1334,에너지,186917,4554,-16.82
A001335,종목_1335,에너지,105092,2373,-1.89
A001336,종목_1336,금융,230577,15179,-8.81
A001337,종목_1337,커뮤니케이션,187384,1752,-2.01
A001338,종목_1338,IT,404777,7425,26.67
A001339,종목_1339,소비재,411117,16124,-0.57
A001340,종목_1340,제조업,238113,7726,14.42
A001341,종목_1341,소비재,96556,8156,-22.01
A001342,종목_1342,바이오,326019,9496,34.4
A001343,종목_1343,바이오,157989,12785,-0.41
A001344,종목_1344,에너지,325264,29093,21.88
A001345,종목_1345,금융,396204,8979,28.03
A001346,종목_1346,바이오,373185,30397,-13.23
A001347,종목_1347,IT,129467,11293,40.77
A001348,종목_1348,소비재,408472,37770,19.3
A001349,종목_1349,소비재,381634,2282,4.3
A001350,종목_1350,에너지,219800,21224,-15.41
A001351,종목_1351,커뮤니케이션,127155,12688,45.38
A001352,종목_1352,커뮤니케이션,291374,24796,30.41
A001353,종목_1353,제조업,499682,17140,-13.36
A001354,종목_1354,에너지,60778,4538,-2.98
A001355,종목_1355,제조업,46833,1763,34.77
A001356,종목_1356,커뮤니케이션,285769,8262,25.65
A001357,종목_1357,에너지,33088,1137,31.26
A001358,종목_1358,에너지,211722,17644,5.3
A001359,종목_1359,에너지,435383,17611,27.32
A001360,종목_1360,커뮤니케이션,367081,17869,0.92
A001361,종목_1361,제조업,465507,19474,-13.1
A001362,종목_1362,제조업,197375,9742,20.61
A001363,종목_1363,에너지,77361,1454,48.08
A001364,종목_1364,바이오,351373,21878,-5.15
A001365,종목_1365,금융,136189,10636,6.88
A001366,종목_1366,커뮤니케이션,91265,4468,23.92
A001367,종목_1367,금융,98718,2250,13.32
A001368,종목_1368,금융,323854,2849,37.47
A001369,종목_1369,제조업,488642,9841,30.94
A001370,종목_1370,제조업,95876,1541,-25.34
A001371,종목_1371,바이오,461270,14206,49.87
A001372,종목_1372,금융,31949,898,30.19
A001373,종목_1373,금융,416763,36437,39.11
A001374,종목_1374,에너지,213954,10299,22.1
A001375,종목_1375,제조업,331280,3348,38.5
A001376,종목_1376,금융,112541,2427,-21.01
A001377,종목_1377,소비재,196691,1482,-2.18
A001378,종목_1378,바이오,62842,689,40.11
A001379,종목_1379,소비재,489019,13113,-13.87
A001380,종목_1380,소비재,233930,15570,-23.74
A001381,종목_1381,커뮤니케이션,290134,12211,33.05
A001382,종목_1382,커뮤니케이션,148265,9234,36.84
A001383,종목_1383,바이오,293253,14594,-16.99
A001384,종목_1384,소비재,131356,6271,38.35
A001385,종목_1385,금융,413449,17794,24.94
A001386,종목_1386,제조업,245629,17779,11.61
A001387,종목_1387,바이오,213802,21351,36.42
A001388,종목_1388,에너지,391277,16185,3.54
A001389,종목_1389,소비재,166582,12772,-14.48
A001390,종목_1390,바이오,264450,24951,-7.21
A001391,종목_1391,IT,4849,173,10.41
A001392,종목_1392,IT,13360,970,12.51
A001393,종목_1393,커뮤니케이션,374216,20990,34.45
A001394,종목_1394,제조업,254279,12645,33.31
A001395,종목_1395,금융,95767,544,16.51
A001396,종목_1396,제조업,262445,11627,32.46
A001397,종목_1397,제조업,177872,1192,-14.66
A001398,종목_1398,제조업,431179,40863,-25.99
A001399,종목_1399,제조업,55330,2916,39.89
A001400,종목_1400,에너지,52707,1801,-23.96
A001401,종목_1401,에너지,281833,9685,-10.26
A001402,종목_1402,커뮤니케이션,30084,1534,25.63
A001403,종목_1403,바이오,41387,1142,2.76
A001404,종목_1404,IT,337960,23981,40.11
A001405,종목_1405,제조업,3642,171,-6.16
A001406,종목_1406,커뮤니케이션,305281,27620,-29.05
A001407,종목_1407,바이오,474048,28910,-5.95
A001408,종목_1408,IT,187633,4582,16.25
A001409,종목_1409,소비재,325404,7459,0.08
A001410,종목_1410,금융,147510,4344,12.79
A001411,종목_1411,에너지,311586,12639,40.13
A001412,종목_1412,소비재,366205,19542,43.0
A001413,종목_1413,IT,397210,15219,-8.72
A001414,종목_1414,소비재,255511,16460,6.97
A001415,종목_1415,금융,388988,37695,13.93
A001416,종목_1416,커뮤니케이션,362719,21513,45.93
A001417,종목_1417,IT,264957,21300,49.89
A001418,종목_1418,소비재,356171,11947,-11.17
A001419,종목_1419,에너지,386633,35160,28.16
A001420,종목_1420,에너지,85381,3763,0.24
A001421,종목_1421,바이오,250880,8587,-29.35
A001422,종목_1422,소비재,318420,17104,-29.26
A001423,종목_1423,제조업,304387,15327,6.85
A001424,종목_1424,소비재,194984,702,9.07
A001425,종목_1425,커뮤니케이션,61272,3441,-28.19
A001426,종목_1426,IT,496916,29410,24.95
A001427,종목_1427,IT,174123,14477,-6.48
A001428,종목_1428,커뮤니케이션,473070,40855,14.79
A001429,종목_1429,소비재,214808,3099,-5.93
A001430,종목_1430,커뮤니케이션,254091,8280,-16.63
A001431,종목_1431,금융,328762,6004,2.57
A001432,종목_1432,커뮤니케이션,265064,9152,-11.42
A001433,종목_1433,에너지,107121,2085,12.78
A001434,종목_1434,커뮤니케이션,471435,8193,-14.09
A001435,종목_1435,IT,77872,1424,10.67
A001436,종목_1436,에너지,344276,15704,-17.41
A001437,종목_1437,IT,265237,15695,23.68
A001438,종목_1438,바이오,276049,9827,30.32
A001439,종목_1439,제조업,122759,1755,-21.17
A001440,종목_1440,IT,418567,14845,7.42
A001441,종목_1441,에너지,294125,9451,-24.33
A001442,종목_1442,바이오,337047,27864,17.85
A001443,종목_1443,IT,333965,5547,-8.85
A001444,종목_1444,금융,372344,17460,12.21
A001445,종목_1445,커뮤니케이션,497457,33437,11.4
A001446,종목_1446,제조업,83289,6356,43.95
A001447,종목_1447,IT,117506,3945,13.93
A001448,종목_1448,바이오,478237,33486,16.64
A001449,종목_1449,금융,79513,4909,2.13
A001450,종목_1450,소비재,414090,33680,45.93
A001451,종목_1451,바이오,183003,1559,32.17
A001452,종목_1452,커뮤니케이션,401890,35157,-7.17
A001453,종목_1453,바이오,313660,11703,37.54
A001454,종목_1454,금융,260480,21028,4.59
A001455,종목_1455,바이오,263043,13354,36.29
A001456,종목_1456,금융,488790,18785,35.83
A001457,종목_1457,IT,192758,17739,-14.89
A001458,종목_1458,금융,489067,28699,26.09
A001459,종목_1459,금융,332356,413,-6.75
A001460,종목_1460,제조업,134498,11948,-6.2
A001461,종목_1461,금융,255024,5472,-6.29
A001462,종목_1462,금융,131970,6966,28.05
A001463,종목_1463,소비재,91009,1351,-11.61
A001464,종목_1464,IT,200570,11366,-29.93
A001465,종목_1465,커뮤니케이션,424159,6779,27.22
A001466,종목_1466,제조업,198467,3265,-16.31
A001467,종목_1467,소비재,45816,3794,-21.64
A001468,종목_1468,에너지,5138,87,-11.0
A001469,종목_1469,IT,494944,46711,0.39
A001470,종목_1470,IT,92176,8239,8.07
A001471,종목_1471,에너지,339089,18190,-26.43
A001472,종목_1472,커뮤니케이션,267161,16644,47.65
A001473,종목_1473,금융,273595,4080,27.29
A001474,종목_1474,소비재,195028,14274,-4.14
A001475,종목_1475,바이오,357007,24695,-4.5
A001476,종목_1476,제조업,273422,18597,5.88
A001477,종목_1477,바이오,222552,9364,20.1
A001478,종목_1478,에너지,44764,3175,-18.29
A001479,종목_1479,IT,124030,336,-14.89
A001480,종목_1480,커뮤니케이션,395350,12295,38.75
A001481,종목_1481,IT,326087,618,-9.5
A001482,종목_1482,제조업,96667,7275,0.42
A001483,종목_1483,IT,317462,13374,39.7
A001484,종목_1484,IT,366567,7533,23.05
A001485,종목_1485,제조업,367142,4546,-2.66
A001486,종목_1486,소비재,61128,524,24.7
A001487,종목_1487,소비재,220128,17021,-28.43
A001488,종목_1488,제조업,285013,5314,28.85
A001489,종목_1489,커뮤니케이션,234540,7171,8.96
A001490,종목_1490,에너지,6039,20,35.05
A001491,종목_1491,IT,153353,7075,46.37
A001492,종목_1492,커뮤니케이션,113935,7062,44.06
A001493,종목_1493,IT,11442,443,42.74
A001494,종목_1494,에너지,336932,10251,10.97
A001495,종목_1495,소비재,382873,31620,-1.19
A001496,종목_1496,커뮤니케이션,290730,25913,7.2
A001497,종목_1497,금융,54053,904,25.19
A001498,종목_1498,금융,182561,18253,40.72
A001499,종목_1499,금융,215176,17465,-13.44
A001500,종목_1500,소비재,87346,2481,43.46
A001501,종목_1501,소비재,330231,32957,35.21
A001502,종목_1502,에너지,406841,13997,48.31
A001503,종목_1503,IT,35397,1362,40.42
A001504,종목_1504,에너지,321815,4763,-7.61
A001505,종목_1505,에너지,117214,8944,-21.52
A001506,종목_1506,소비재,486001,15359,-21.02
A001507,종목_1507,금융,330041,22518,-6.7
A001508,종목_1508,바이오,158221,12452,19.13
A001509,종목_1509,IT,454246,13258,34.35
A001510,종목_1510,소비재,464122,36964,41.94
A001511,종목_1511,금융,399499,23826,19.9
A001512,종목_1512,커뮤니케이션,401826,39985,-29.55
A001513,종목_1513,바이오,437542,39636,-15.09
A001514,종목_1514,바이오,278068,23946,-22.02
A001515,종목_1515,소비재,114143,6427,-0.93
A001516,종목_1516,제조업,373397,23975,10.11
A001517,종목_1517,IT,470378,2465,-26.53
A001518,종목_1518,바이오,363441,24872,-2.12
A001519,종목_1519,소비재,264013,9432,-15.67
A001520,종목_1520,소비재,360232,7999,21.77
A001521,종목_1521,금융,264158,7126,7.14
A001522,종목_1522,커뮤니케이션,11103,846,9.63
A001523,종목_1523,제조업,476738,40021,4.22
A001524,종목_1524,IT,373461,8232,46.48
A001525,종목_1525,에너지,490223,45579,-12.82
A001526,종목_1526,커뮤니케이션,427674,23734,11.33
A001527,종목_1527,커뮤니케이션,484821,4841,28.88
A001528,종목_1528,금융,83409,3220,14.55
A001529,종목_1529,바이오,24248,605,44.32
A001530,종목_1530,바이오,483376,46202,0.24
A001531,종목_1531,금융,175588,17267,7.09
A001532,종목_1532,소비재,423277,40170,-22.92
A001533,종목_1533,바이오,156242,3370,18.72
A001534,종목_1534,제조업,9024,253,-6.94
A001535,종목_1535,IT,476430,20831,-17.18
A001536,종목_1536,커뮤니케이션,235864,9500,13.56
A001537,종목_1537,커뮤니케이션,349091,14749,12.58
A001538,종목_1538,제조업,175875,6047,-23.93
A001539,종목_1539,바이오,413512,37682,25.86
A001540,종목_1540,커뮤니케이션,354973,29825,19.9
A001541,종목_1541,에너지,355852,27894,-14.88
A001542,종목_1542,IT,349808,15604,7.55
A001543,종목_1543,IT,412473,9917,27.63
A001544,종목_1544,커뮤니케이션,144927,1559,12.35
A001545,종목_1545,금융,86178,7259,1.64
A001546,종목_1546,커뮤니케이션,364265,26952,-4.21
A001547,종목_1547,금융,283169,11406,18.83
A001548,종목_1548,커뮤니케이션,398674,23505,45.13
A001549,종목_1549,에너지,64610,4284,23.74
A001550,종목_1550,소비재,71843,2076,-24.02
A001551,종목_1551,IT,108237,5720,6.85
A001552,종목_1552,커뮤니케이션,478177,12269,41.27
A001553,종목_1553,에너지,181903,5518,-22.44
A001554,종목_1554,금융,175499,11876,49.11
A001555,종목_1555,금융,488025,37515,45.93
A001556,종목_1556,IT,131299,8048,-23.74
A001557,종목_1557,제조업,432722,39251,44.67
A001558,종목_1558,커뮤니케이션,6668,416,-0.95
A001559,종목_1559,바이오,223542,17899,37.58
A001560,종목_1560,금융,179267,4671,3.47
A001561,종목_1561,소비재,336377,826,5.27
A001562,종목_1562,소비재,156489,2738,20.74
A001563,종목_1563,금융,345126,32439,31.96
A001564,종목_1564,제조업,107133,1055,-27.3
A001565,종목_1565,제조업,273895,1811,17.45
A001566,종목_1566,에너지,309362,25253,-15.06
A001567,종목_1567,소비재,389793,35835,-2.32
A001568,종목_1568,에너지,270496,12117,-2.16
A001569,종목_1569,소비재,211124,15307,7.52
A001570,종목_1570,커뮤니케이션,89835,1620,-3.27
A001571,종목_1571,커뮤니케이션,98493,4789,-21.41
A001572,종목_1572,바이오,292071,10155,-18.35
A001573,종목_1573,커뮤니케이션,173166,984,-27.32
A001574,종목_1574,바이오,102948,5021,7.62
A001575,종목_1575,커뮤니케이션,186194,669,46.36
A001576,종목_1576,IT,30493,2744,-20.75
A001577,종목_1577,커뮤니케이션,486463,37478,45.7
A001578,종목_1578,에너지,467755,29747,28.67
A001579,종목_1579,금융,294851,13548,21.0
A001580,종목_1580,에너지,200886,18318,21.62
A001581,종목_1581,금융,139368,2882,36.14
A001582,종목_1582,제조업,157470,4007,-21.45
A001583,종목_1583,에너지,298986,19747,10.38
A001584,종목_1584,제조업,14261,1031,25.77
A001585,종목_1585,바이오,77709,3020,16.95
A001586,종목_1586,바이오,96985,3791,36.62
A001587,종목_1587,IT,369760,34330,-24.22
A001588,종목_1588,커뮤니케이션,450920,40210,25.26
A001589,종목_1589,에너지,330317,13667,12.72
A001590,종목_1590,제조업,294925,534,0.33
A001591,종목_1591,금융,276796,6320,-2.78
A001592,종목_1592,바이오,268247,3458,19.67
A001593,종목_1593,커뮤니케이션,288644,6781,41.28
A001594,종목_1594,바이오,247404,7074,9.69
A001595,종목_1595,금융,101336,10073,35.98
A001596,종목_1596,커뮤니케이션,429745,15315,2.17
A001597,종목_1597,커뮤니케이션,114499,1011,-21.81
A001598,종목_1598,제조업,150524,3005,-25.08
A001599,종목_1599,제조업,312537,9228,-25.89
A001600,종목_1600,에너지,425390,31466,0.41
A001601,종목_1601,에너지,458666,45174,-3.02
A001602,종목_1602,소비재,167508,12515,27.43
A001603,종목_1603,소비재,310550,5779,29.43
A001604,종목_1604,IT,326203,7950,-25.93
A001605,종목_1605,바이오,148026,5308,-12.31
A001606,종목_1606,에너지,345866,5189,-8.06
A001607,종목_1607,제조업,251819,10916,13.81
A001608,종목_1608,금융,13356,751,-18.44
A001609,종목_1609,제조업,129128,9837,-19.28
A001610,종목_1610,바이오,492715,38315,45.5
A001611,종목_1611,소비재,3187,91,34.34
A001612,종목_1612,제조업,340387,1663,-15.55
A001613,종목_1613,IT,298242,27234,2.53
A001614,종목_1614,바이오,486687,3781,-1.55
A001615,종목_1615,소비재,153297,12100,33.28
A001616,종목_1616,금융,135678,679,10.82
A001617,종목_1617,소비재,320764,21885,-19.77
A001618,종목_1618,커뮤니케이션,427044,9376,29.12
A001619,종목_1619,IT,127270,3675,1.75
A001620,종목_1620,바이오,420705,33417,-8.97
A001621,종목_1621,금융,277531,15767,0.04
A001622,종목_1622,IT,332607,31413,9.82
A001623,종목_1623,소비재,466048,43024,-2.55
A001624,종목_1624,IT,490196,41028,-10.65
A001625,종목_1625,바이오,243998,12101,1.88
A001626,종목_1626,에너지,396807,18129,-28.47
A001627,종목_1627,IT,242503,19017,31.8
A001628,종목_1628,커뮤니케이션,442732,30327,-16.32
A001629,종목_1629,IT,354827,1843,-26.49
A001630,종목_1630,소비재,63061,4154,22.3
A001631,종목_1631,소비재,236497,18178,31.91
A001632,종목_1632,금융,460952,38806,35.11
A001633,종목_1633,소비재,82257,6341,9.48
A001634,종목_1634,제조업,62753,162,-13.57
A001635,종목_1635,바이오,347918,31863,28.98
A001636,종목_1636,바이오,405303,33676,25.98
A001637,종목_1637,에너지,425032,14074,-10.3
A001638,종목_1638,에너지,24408,429,42.27
A001639,종목_1639,바이오,125116,1726,-21.65
A001640,종목_1640,커뮤니케이션,499492,12311,48.62
A001641,종목_1641,에너지,132208,1151,38.82
A001642,종목_1642,금융,18413,1251,25.03
A001643,종목_1643,소비재,114650,4593,45.1
A001644,종목_1644,바이오,60500,944,27.78
A001645,종목_1645,에너지,347658,11989,-14.76
A001646,종목_1646,바이오,57358,5629,5.37
A001647,종목_1647,제조업,67197,5277,-24.28
A001648,종목_1648,IT,494992,28117,1.17
A001649,종목_1649,소비재,224861,3770,29.33
A001650,종목_1650,바이오,224492,2444,0.92
A001651,종목_1651,IT,262545,5611,-3.58
A001652,종목_1652,에너지,427070,15490,17.63
A001653,종목_1653,IT,77240,3390,39.78
A001654,종목_1654,소비재,236595,15376,-26.19
A001655,종목_1655,바이오,222135,2589,0.84
A001656,종목_1656,제조업,279466,22608,-17.34
A001657,종목_1657,커뮤니케이션,376197,27421,25.63
A001658,종목_1658,에너지,7968,542,-21.54
A001659,종목_1659,바이오,290662,24558,23.18
A001660,종목_1660,소비재,315069,8992,-7.11
A001661,종목_1661,에너지,191920,13500,-14.09
A001662,종목_1662,금융,375044,28088,44.91
A001663,종목_1663,IT,356566,683,-28.52
A001664,종목_1664,커뮤니케이션,264844,5992,5.02
A001665,종목_1665,소비재,356926,1617,-28.27
A001666,종목_1666,금융,233076,15906,8.69
A001667,종목_1667,바이오,24199,859,10.08
A001668,종목_1668,제조업,438805,18434,-4.27
A001669,종목_1669,에너지,164187,1786,-19.43
A001670,종목_1670,IT,456150,32726,0.11
A001671,종목_1671,에너지,186388,17652,23.78
A001672,종목_1672,커뮤니케이션,6520,254,32.59
A001673,종목_1673,바이오,110814,1066,12.46
A001674,종목_1674,에너지,168527,1962,17.19
A001675,종목_1675,IT,247356,23734,-13.95
A001676,종목_1676,바이오,480681,1609,-7.01
A001677,종목_1677,에너지,124364,697,-17.05
A001678,종목_1678,제조업,435821,3377,-10.06
A001679,종목_1679,소비재,15955,696,-12.01
A001680,종목_1680,바이오,176121,13450,11.56
A001681,종목_1681,소비재,145989,8143,15.02
A001682,종목_1682,바이오,464509,7923,45.6
A001683,종목_1683,제조업,472797,4288,-14.35
A001684,종목_1684,소비재,251144,16913,21.33
A001685,종목_1685,금융,65925,2790,35.38
A001686,종목_1686,IT,370360,19748,14.82
A001687,종목_1687,금융,71269,5716,-9.6
A001688,종목_1688,에너지,425170,9586,-9.0
A001689,종목_1689,제조업,490887,28857,-26.86
A001690,종목_1690,금융,466833,25177,-5.56
A001691,종목_1691,바이오,304602,29004,29.57
A001692,종목_1692,에너지,352181,10160,-26.2
A001693,종목_1693,에너지,153185,12976,-12.46
A001694,종목_1694,금융,100977,9027,26.5
A001695,종목_1695,금융,484442,45092,32.61
A001696,종목_1696,제조업,307083,15229,6.43
A001697,종목_1697,IT,30345,1520,25.85
A001698,종목_1698,금융,256688,21116,1.04
A001699,종목_1699,커뮤니케이션,440529,13995,-17.21
A001700,종목_1700,금융,373251,927,1.85
A001701,종목_1701,소비재,385010,16442,16.4
A001702,종목_1702,바이오,486581,2999,45.84
A001703,종목_1703,커뮤니케이션,262798,5757,-24.5
A001704,종목_1704,커뮤니케이션,494814,44576,10.59
A001705,종목_1705,소비재,332310,11266,-3.69
A001706,종목_1706,소비재,179933,13523,10.66
A001707,종목_1707,에너지,98406,8059,-28.08
A001708,종목_1708,IT,312442,7869,-4.96
A001709,종목_1709,바이오,441437,23593,35.59
A001710,종목_1710,제조업,308086,22641,14.32
A001711,종목_1711,커뮤니케이션,4453,401,6.05
A001712,종목_1712,제조업,103811,7575,-7.16
A001713,종목_1713,금융,55935,2508,-6.16
A001714,종목_1714,금융,385583,4741,0.65
A001715,종목_1715,제조업,175442,14430,36.85
A001716,종목_1716,금융,498148,11442,47.38
A001717,종목_1717,IT,271472,17215,5.09
A001718,종목_1718,소비재,16534,210,1.47
A001719,종목_1719,금융,348424,5196,37.72
A001720,종목_1720,에너지,479141,12548,4.15
A001721,종목_1721,금융,37320,2501,14.16
A001722,종목_1722,바이오,50170,481,-11.52
A001723,종목_1723,IT,101546,5389,29.48
A001724,종목_1724,바이오,81201,6774,12.56
A001725,종목_1725,바이오,235473,4643,34.72
A001726,종목_1726,에너지,271784,21755,32.46
A001727,종목_1727,IT,232324,2354,-12.8
A001728,종목_1728,IT,485273,15089,27.25
A001729,종목_1729,IT,162121,16210,34.0
A001730,종목_1730,IT,399834,34008,-2.31
A001731,종목_1731,IT,234612,5003,-16.19
A001732,종목_1732,에너지,188125,12398,-29.79
A001733,종목_1733,금융,396136,29003,6.07
A001734,종목_1734,바이오,307081,19817,-1.81
A001735,종목_1735,IT,201796,14291,14.39
A001736,종목_1736,커뮤니케이션,144279,4891,-14.96
A001737,종목_1737,금융,197846,11381,38.77
A001738,종목_1738,금융,165044,8744,-9.38
A001739,종목_1739,바이오,405015,39513,-11.89
A001740,종목_1740,에너지,203160,19918,8.46
A001741,종목_1741,제조업,423132,31183,9.91
A001742,종목_1742,제조업,71463,1396,-12.79
A001743,종목_1743,금융,94500,450,-8.25
A001744,종목_1744,소비재,208772,9506,-16.42
A001745,종목_1745,소비재,38158,2450,27.48
A001746,종목_1746,바이오,85607,7467,31.61
A001747,종목_1747,제조업,382783,1777,6.99
A001748,종목_1748,금융,246017,16874,27.13
A001749,종목_1749,에너지,334840,1838,28.87
A001750,종목_1750,제조업,324654,8953,-18.94
A001751,종목_1751,금융,121076,6467,47.29
A001752,종목_1752,금융,59692,3505,35.68
A001753,종목_1753,IT,131841,7573,-13.64
A001754,종목_1754,에너지,193816,13673,-15.11
A001755,종목_1755,IT,278954,27784,-19.95
A001756,종목_1756,바이오,399342,37186,-18.93
A001757,종목_1757,IT,162081,3309,29.85
A001758,종목_1758,커뮤니케이션,493336,40426,7.57
A001759,종목_1759,IT,112718,8354,32.63
A001760,종목_1760,커뮤니케이션,354076,28196,29.7
A001761,종목_1761,제조업,1192,81,18.37
A001762,종목_1762,소비재,248536,2291,24.91
A001763,종목_1763,금융,37413,1398,-28.53
A001764,종목_1764,커뮤니케이션,144888,10968,-5.06
A001765,종목_1765,에너지,40082,3312,21.03
A001766,종목_1766,IT,328192,12191,-29.25
A001767,종목_1767,커뮤니케이션,124130,3227,-27.36
A001768,종목_1768,에너지,51940,2094,38.15
A001769,종목_1769,소비재,164202,6822,24.72
A001770,종목_1770,소비재,41142,2460,-8.77
A001771,종목_1771,IT,37468,860,25.04
A001772,종목_1772,바이오,424914,10749,33.4
A001773,종목_1773,IT,142727,8116,-5.46
A001774,종목_1774,제조업,179969,16395,-27.12
A001775,종목_1775,커뮤니케이션,424291,17807,44.62
A001776,종목_1776,금융,403575,30905,-2.39
A001777,종목_1777,바이오,392192,23983,-21.48
A001778,종목_1778,IT,496413,17879,9.35
A001779,종목_1779,에너지,237187,18909,31.48
A001780,종목_1780,바이오,43056,1164,-12.27
A001781,종목_1781,커뮤니케이션,52831,263,-8.44
A001782,종목_1782,바이오,322335,31629,-10.58
A001783,종목_1783,커뮤니케이션,250664,15493,49.33
A001784,종목_1784,IT,385092,20385,-14.21
A001785,종목_1785,커뮤니케이션,427488,15601,16.04
A001786,종목_1786,바이오,109117,8870,44.02
A001787,종목_1787,에너지,277815,22135,-18.25
A001788,종목_1788,소비재,290192,8405,47.67
A001789,종목_1789,바이오,470490,27769,45.8
A001790,종목_1790,커뮤니케이션,289107,792,40.77
A001791,종목_1791,소비재,44954,2549,-12.84
A001792,종목_1792,커뮤니케이션,466525,773,20.72
A001793,종목_1793,에너지,234192,442,30.87
A001794,종목_1794,커뮤니케이션,358574,26883,48.88
A001795,종목_1795,IT,1717,47,-15.57
A001796,종목_1796,금융,274820,8358,31.28
A001797,종목_1797,바이오,398650,37324,-2.9
A001798,종목_1798,금융,181882,12535,-15.95
A001799,종목_1799,커뮤니케이션,497577,19242,3.71
A001800,종목_1800,에너지,119696,5140,33.51
A001801,종목_1801,바이오,488852,20456,7.19
A001802,종목_1802,커뮤니케이션,393974,37457,13.0
A001803,종목_1803,소비재,5994,90,49.61
A001804,종목_1804,제조업,267378,14585,1.93
A001805,종목_1805,커뮤니케이션,70300,961,19.23
A001806,종목_1806,금융,307093,27267,-0.78
A001807,종목_1807,바이오,38405,1025,1.42
A001808,종목_1808,금융,298016,7008,25.65
A001809,종목_1809,바이오,305359,19221,45.03
A001810,종목_1810,커뮤니케이션,24185,778,13.39
A001811,종목_1811,IT,175514,10032,31.47
A001812,종목_1812,소비재,445975,27861,-22.86
A001813,종목_1813,커뮤니케이션,304297,19489,-13.11
A001814,종목_1814,금융,340679,26704,10.17
A001815,종목_1815,제조업,496239,49380,-28.4
A001816,종목_1816,제조업,134653,9042,-9.77
A001817,종목_1817,에너지,52717,4831,11.39
A001818,종목_1818,바이오,3763,15,-28.8
A001819,종목_1819,금융,356054,27279,-8.84
A001820,종목_1820,에너지,56480,5069,11.12
A001821,종목_1821,금융,170831,5336,15.85
A001822,종목_1822,바이오,208139,10302,44.06
A001823,종목_1823,커뮤니케이션,119094,847,21.63
A001824,종목_1824,커뮤니케이션,157379,7292,3.18
A001825,종목_1825,제조업,228443,16057,44.43
A001826,종목_1826,커뮤니케이션,12064,181,32.79
A001827,종목_1827,커뮤니케이션,77848,7546,-14.0
A001828,종목_1828,IT,38548,1371,-19.53
A001829,종목_1829,제조업,169017,15595,24.06
A001830,종목_1830,에너지,442153,5475,14.79
A001831,종목_1831,소비재,269620,22134,33.17
A001832,종목_1832,IT,445972,34906,29.1
A001833,종목_1833,에너지,353245,32398,20.02
A001834,종목_1834,바이오,3382,157,48.91
A001835,종목_1835,IT,443899,10600,12.69
A001836,종목_1836,에너지,482215,40323,-20.95
A001837,종목_1837,바이오,177348,4342,36.26
A001838,종목_1838,제조업,427618,15032,-9.85
A001839,종목_1839,소비재,486097,23927,32.18
A001840,종목_1840,바이오,421162,14508,46.57
A001841,종목_1841,커뮤니케이션,80698,7120,25.74
A001842,종목_1842,금융,246762,8147,17.68
A001843,종목_1843,바이오,244381,12590,6.83
A001844,종목_1844,바이오,468149,39974,-0.85
A001845,종목_1845,소비재,416551,23112,-1.76
A001846,종목_1846,금융,46095,1919,20.91
A001847,종목_1847,커뮤니케이션,474146,1613,30.1
A001848,종목_1848,에너지,393118,35802,24.28
A001849,종목_1849,에너지,290341,12589,-14.13
A001850,종목_1850,바이오,390763,35765,9.52
A001851,종목_1851,금융,23010,436,33.33
A001852,종목_1852,금융,418339,36610,8.06
A001853,종목_1853,커뮤니케이션,351067,20740,12.93
A001854,종목_1854,소비재,134962,10385,31.69
A001855,종목_1855,제조업,487521,12295,22.9
A001856,종목_1856,에너지,393670,1449,2.75
A001857,종목_1857,소비재,110162,3881,41.63
A001858,종목_1858,IT,384071,7183,-16.99
A001859,종목_1859,에너지,271170,12903,49.64
A001860,종목_1860,소비재,328069,12876,-20.49
A001861,종목_1861,에너지,69842,6183,-28.8
A001862,종목_1862,제조업,296809,335,41.2
A001863,종목_1863,IT,272421,24645,-10.4
A001864,종목_1864,제조업,174311,8708,28.38
A001865,종목_1865,커뮤니케이션,441880,25102,34.88
A001866,종목_1866,IT,311152,12754,38.72
A001867,종목_1867,바이오,277827,13286,49.33
A001868,종목_1868,소비재,132742,9357,-6.48
A001869,종목_1869,IT,221283,19136,26.82
A001870,종목_1870,커뮤니케이션,149961,3285,-20.77
A001871,종목_1871,커뮤니케이션,449828,13474,2.54
A001872,종목_1872,제조업,176607,4994,37.84
A001873,종목_1873,에너지,341686,11618,-0.59
A001874,종목_1874,IT,317463,5966,17.29
A001875,종목_1875,소비재,246144,9141,10.3
A001876,종목_1876,IT,355211,19876,21.68
A001877,종목_1877,금융,153711,9545,47.83
A001878,종목_1878,에너지,196784,6395,-25.54
A001879,종목_1879,소비재,410849,30543,15.92
A001880,종목_1880,소비재,253217,6143,39.04
A001881,종목_1881,바이오,428876,42148,8.51
A001882,종목_1882,제조업,332119,23420,-23.72
A001883,종목_1883,바이오,164244,6966,14.84
A001884,종목_1884,소비재,453413,19888,-3.43
A001885,종목_1885,에너지,102158,4198,-17.6
A001886,종목_1886,IT,453063,2640,37.92
A001887,종목_1887,IT,274721,14871,11.73
A001888,종목_1888,에너지,340443,27452,44.66
A001889,종목_1889,소비재,283320,17257,34.48
A001890,종목_1890,커뮤니케이션,438602,28654,25.44
A001891,종목_1891,IT,64972,4732,-29.6
A001892,종목_1892,커뮤니케이션,383162,16513,4.23
A001893,종목_1893,IT,484007,39861,-14.2
A001894,종목_1894,IT,435219,18505,42.86
A001895,종목_1895,제조업,283140,7661,-16.03
A001896,종목_1896,제조업,101922,221,-7.12
A001897,종목_1897,금융,349742,22666,11.35
A001898,종목_1898,바이오,36931,905,-8.93
A001899,종목_1899,에너지,125168,8926,-13.21
A001900,종목_1900,에너지,167782,13874,17.93
A001901,종목_1901,에너지,124099,4615,-22.89
A001902,종목_1902,금융,35693,1059,-25.35
A001903,종목_1903,제조업,429956,23419,-0.22
A001904,종목_1904,소비재,471457,8252,27.65
A001905,종목_1905,커뮤니케이션,109944,6056,14.38
A001906,종목_1906,커뮤니케이션,225655,12054,3.83
A001907,종목_1907,소비재,208574,12848,15.26
A001908,종목_1908,금융,280518,22641,-0.76
A001909,종목_1909,소비재,470890,45468,44.89
A001910,종목_1910,에너지,248572,2503,-25.61
A001911,종목_1911,바이오,344615,9699,23.87
A001912,종목_1912,IT,46913,2779,41.3
A001913,종목_1913,커뮤니케이션,386827,7826,34.31
A001914,종목_1914,제조업,198097,7379,-15.28
A001915,종목_1915,제조업,307660,27720,-6.33
A001916,종목_1916,금융,88796,792,27.36
A001917,종목_1917,제조업,289213,9286,-23.26
A001918,종목_1918,에너지,381477,20739,34.95
A001919,종목_1919,커뮤니케이션,450449,7507,27.51
A001920,종목_1920,소비재,85811,2661,28.37
A001921,종목_1921,에너지,191121,290,-21.98
A001922,종목_1922,금융,233892,6013,27.42
A001923,종목_1923,에너지,381172,20427,24.39
A001924,종목_1924,소비재,40178,2615,36.47
A001925,종목_1925,바이오,295965,25888,-26.67
A001926,종목_1926,금융,445943,30454,-28.15
A001927,종목_1927,바이오,455151,25553,-0.16
A001928,종목_1928,IT,17999,1497,-18.1
A001929,종목_1929,바이오,456738,19562,14.67
A001930,종목_1930,IT,301856,24604,43.39
A001931,종목_1931,IT,196623,18678,1.32
A001932,종목_1932,바이오,172244,7357,37.6
A001933,종목_1933,금융,296866,19346,-29.98
A001934,종목_1934,소비재,273769,14953,-16.52
A001935,종목_1935,에너지,199237,5327,-27.57
A001936,종목_1936,에너지,470725,20230,-3.75
A001937,종목_1937,소비재,7859,267,42.66
A001938,종목_1938,커뮤니케이션,435825,30971,-22.24
A001939,종목_1939,커뮤니케이션,437523,6872,18.51
A001940,종목_1940,IT,111986,910,6.12
A001941,종목_1941,IT,233654,7095,45.08
A001942,종목_1942,금융,284983,22416,-20.2
A001943,종목_1943,제조업,290360,13318,-13.04
A001944,종목_1944,바이오,316097,21999,-27.64
A001945,종목_1945,IT,478697,31952,4.71
A001946,종목_1946,에너지,454809,45208,-7.77
A001947,종목_1947,금융,466291,13060,39.59
A001948,종목_1948,바이오,50522,4600,18.4
A001949,종목_1949,금융,231233,9497,19.13
A001950,종목_1950,바이오,399102,14429,12.55
A001951,종목_1951,바이오,374393,31087,-22.65
A001952,종목_1952,소비재,8485,62,5.6
A001953,종목_1953,IT,425671,27829,49.96
A001954,종목_1954,금융,244056,5923,36.82
A001955,종목_1955,금융,410983,2649,41.48
A001956,종목_1956,소비재,113701,6374,35.86
A001957,종목_1957,에너지,422669,2084,-21.76
A001958,종목_1958,에너지,208352,12652,-11.8
A001959,종목_1959,커뮤니케이션,103638,3995,-29.75
A001960,종목_1960,IT,185514,13303,-5.72
A001961,종목_1961,IT,446093,15186,-21.31
A001962,종목_1962,제조업,275370,13932,7.82
A001963,종목_1963,소비재,94405,6261,24.17
A001964,종목_1964,에너지,285732,26434,39.96
A001965,종목_1965,바이오,211048,3904,29.94
A001966,종목_1966,금융,163781,10345,45.09
A001967,종목_1967,IT,442004,5837,-25.69
A001968,종목_1968,금융,482247,25767,-29.03
A001969,종목_1969,금융,38019,1940,22.91
A001970,종목_1970,제조업,439164,13153,-6.85
A001971,종목_1971,에너지,262497,18165,-9.72
A001972,종목_1972,IT,66133,467,-3.53
A001973,종목_1973,금융,377588,21338,-8.42
A001974,종목_1974,IT,198530,11274,10.91
A001975,종목_1975,바이오,380747,6829,5.21
A001976,종목_1976,제조업,159598,1714,10.99
A001977,종목_1977,바이오,467709,24841,23.82
A001978,종목_1978,IT,129585,11415,0.97
A001979,종목_1979,커뮤니케이션,446414,14970,-9.9
A001980,종목_1980,IT,246172,7326,-16.7
A001981,종목_1981,에너지,493750,18422,-2.04
A001982,종목_1982,금융,306539,15550,29.34
A001983,종목_1983,금융,418247,29060,30.54
A001984,종목_1984,바이오,469758,44745,23.35
A001985,종목_1985,제조업,126814,736,-11.28
A001986,종목_1986,커뮤니케이션,431917,23413,17.05
A001987,종목_1987,소비재,375743,18215,15.66
A001988,종목_1988,금융,26939,1827,8.74
A001989,종목_1989,에너지,443361,35517,14.0
A001990,종목_1990,바이오,414540,36818,9.34
A001991,종목_1991,바이오,154939,5752,15.24
A001992,종목_1992,소비재,263347,22836,27.24
A001993,종목_1993,에너지,410760,39287,-21.23
A001994,종목_1994,제조업,410115,9256,29.97
A001995,종목_1995,에너지,292207,3051,-19.13
A001996,종목_1996,제조업,91880,8765,-24.67
A001997,종목_1997,에너지,4748,283,48.09
A001998,종목_1998,에너지,237094,4319,46.56
A001999,종목_1999,IT,380413,12916,-25.17
A002000,종목_2000,바이오,460845,27515,5.46
A002001,종목_2001,에너지,343908,28646,-15.1
A002002,종목_2002,소비재,152956,618,8.83
A002003,종목_2003,에너지,157255,5051,36.41
A002004,종목_2004,금융,475786,7405,46.05
A002005,종목_2005,바이오,465462,22404,20.74
A002006,종목_2006,금융,371180,34154,-1.69
A002007,종목_2007,바이오,151331,14330,18.27
A002008,종목_2008,금융,168031,10962,-5.04
A002009,종목_2009,에너지,379669,35995,42.79
A002010,종목_2010,에너지,427673,9999,39.63
A002011,종목_2011,IT,348823,29621,14.66
A002012,종목_2012,소비재,126829,3497,-4.02
A002013,종목_2013,금융,129216,7094,-6.53
A002014,종목_2014,제조업,396319,39117,-27.33
A002015,종목_2015,IT,66901,5636,35.27
A002016,종목_2016,금융,244386,23439,6.03
A002017,종목_2017,금융,176607,11944,-3.99
A002018,종목_2018,IT,410319,3142,7.69
A002019,종목_2019,에너지,99046,5493,35.5
A002020,종목_2020,금융,353156,3122,-20.03
A002021,종목_2021,에너지,79278,7131,38.61
A002022,종목_2022,IT,275535,26080,41.8
A002023,종목_2023,에너지,103476,8181,45.74
A002024,종목_2024,바이오,423117,17705,1.8
A002025,종목_2025,제조업,383865,9867,-12.63
A002026,종목_2026,커뮤니케이션,98537,7099,-0.11
A002027,종목_2027,금융,344303,13421,-3.37
A002028,종목_2028,소비재,462130,15244,-15.91
A002029,종목_2029,제조업,394184,21979,18.58
A002030,종목_2030,커뮤니케이션,182429,3653,8.13
A002031,종목_2031,에너지,218980,19950,39.26
A002032,종목_2032,금융,432653,8268,-27.43
A002033,종목_2033,에너지,298647,26384,21.51
A002034,종목_2034,바이오,490498,47358,31.04
A002035,종목_2035,IT,487675,23690,30.76
A002036,종목_2036,금융,76403,4476,40.89
A002037,종목_2037,커뮤니케이션,435474,37313,28.32
A002038,종목_2038,커뮤니케이션,427940,20078,44.22
A002039,종목_2039,바이오,65286,1925,-3.39
A002040,종목_2040,바이오,337986,33136,10.26
A002041,종목_2041,금융,105927,7287,-28.87
A002042,종목_2042,에너지,278052,26936,-29.44
A002043,종목_2043,소비재,486833,4607,-10.79
A002044,종목_2044,커뮤니케이션,444842,3664,-21.94
A002045,종목_2045,커뮤니케이션,300372,10308,-9.18
A002046,종목_2046,바이오,24386,419,-15.84
A002047,종목_2047,제조업,178826,2761,-27.72
A002048,종목_2048,바이오,291446,4671,42.74
A002049,종목_2049,소비재,323959,9486,-29.34
A002050,종목_2050,에너지,253156,3277,28.89
A002051,종목_2051,에너지,478964,32553,-17.83
A002052,종목_2052,제조업,326488,1628,42.98
A002053,종목_2053,커뮤니케이션,429834,8533,41.42
A002054,종목_2054,바이오,374747,17972,22.31
A002055,종목_2055,에너지,470450,24425,23.78
A002056,종목_2056,소비재,324258,1071,-29.57
A002057,종목_2057,금융,249724,12720,48.79
A002058,종목_2058,IT,202202,8538,40.23
A002059,종목_2059,IT,26525,2631,41.61
A002060,종목_2060,IT,80818,5331,22.74
A002061,종목_2061,커뮤니케이션,115589,455,-2.42
A002062,종목_2062,바이오,146406,11265,41.49
A002063,종목_2063,제조업,95715,7593,-6.68
A002064,종목_2064,에너지,194839,5794,15.02
A002065,종목_2065,금융,269788,13006,-22.02
A002066,종목_2066,소비재,364298,18471,43.76
A002067,종목_2067,금융,427149,41306,-18.74
A002068,종목_2068,소비재,258438,3483,-12.01
A002069,종목_2069,커뮤니케이션,306613,14702,14.65
A002070,종목_2070,바이오,427903,23353,31.13
A002071,종목_2071,IT,369753,19971,19.55
A002072,종목_2072,바이오,446872,969,-11.43
A002073,종목_2073,커뮤니케이션,411591,10055,-29.92
A002074,종목_2074,제조업,328350,19526,30.57
A002075,종목_2075,제조업,359606,24801,48.82
A002076,종목_2076,커뮤니케이션,168679,1605,34.79
A002077,종목_2077,소비재,84178,7861,6.82
A002078,종목_2078,에너지,418209,22837,42.3
A002079,종목_2079,에너지,176458,16110,2.79
A002080,종목_2080,소비재,255466,22293,11.99
A002081,종목_2081,제조업,440503,29567,8.17
A002082,종목_2082,제조업,87724,7217,5.81
A002083,종목_2083,제조업,230204,19136,32.02
A002084,종목_2084,바이오,487524,43736,12.14
A002085,종목_2085,제조업,97393,5269,-4.66
A002086,종목_2086,금융,390458,6323,-9.35
A002087,종목_2087,IT,77312,2133,-26.98
A002088,종목_2088,제조업,492587,718,16.66
A002089,종목_2089,소비재,338468,5198,-11.6
A002090,종목_2090,IT,72196,549,-18.15
A002091,종목_2091,바이오,71014,1177,22.31
A002092,종목_2092,소비재,402426,36765,24.5
A002093,종목_2093,IT,142994,6909,30.17
A002094,종목_2094,소비재,430505,13079,10.29
A002095,종목_2095,바이오,34340,1327,41.52
A002096,종목_2096,금융,302994,1242,44.91
A002097,종목_2097,바이오,451200,18912,34.59
A002098,종목_2098,바이오,497915,6390,20.85
A002099,종목_2099,소비재,114711,5554,-5.7
A002100,종목_2100,커뮤니케이션,216250,21434,48.64
A002101,종목_2101,에너지,12094,570,-8.07
A002102,종목_2102,제조업,351103,23056,-13.79
A002103,종목_2103,제조업,427634,7063,5.37
A002104,종목_2104,금융,268885,12077,-25.45
A002105,종목_2105,금융,112585,3377,48.28
A002106,종목_2106,제조업,466590,8169,17.07
A002107,종목_2107,에너지,385708,27625,14.56
A002108,종목_2108,제조업,69798,5345,22.46
A002109,종목_2109,커뮤니케이션,379170,14107,9.76
A002110,종목_2110,에너지,202604,11385,-27.43
A002111,종목_2111,금융,111130,6431,18.98
A002112,종목_2112,IT,285308,22509,27.29
A002113,종목_2113,소비재,167667,15587,3.34
A002114,종목_2114,커뮤니케이션,31257,239,30.58
A002115,종목_2115,커뮤니케이션,408427,19226,-11.84
A002116,종목_2116,금융,359133,7589,-12.3
A002117,종목_2117,금융,399448,19863,-17.09
A002118,종목_2118,바이오,461969,9990,-0.24
A002119,종목_2119,커뮤니케이션,53691,2341,37.76
A002120,종목_2120,바이오,483981,11618,36.23
A002121,종목_2121,바이오,80768,3320,0.63
A002122,종목_2122,소비재,419829,5986,17.13
A002123,종목_2123,바이오,15026,1142,27.67
A002124,종목_2124,에너지,447751,42061,-10.7
A002125,종목_2125,제조업,226162,21213,-16.55
A002126,종목_2126,IT,294052,5826,47.77
A002127,종목_2127,금융,446329,17903,19.4
A002128,종목_2128,에너지,20610,751,48.51
A002129,종목_2129,IT,178718,1541,-2.98
A002130,종목_2130,커뮤니케이션,499357,26802,26.24
A002131,종목_2131,커뮤니케이션,326329,26979,-12.19
A002132,종목_2132,커뮤니케이션,335711,9466,-9.1
A002133,종목_2133,에너지,179646,16296,10.95
A002134,종목_2134,에너지,223123,16261,-4.43
A002135,종목_2135,금융,496236,2090,-16.59
A002136,종목_2136,제조업,299326,16351,-8.97
A002137,종목_2137,바이오,379280,35709,-27.14
A002138,종목_2138,커뮤니케이션,394786,15515,26.35
A002139,종목_2139,소비재,492006,48710,9.37
A002140,종목_2140,제조업,20288,513,-22.46
A002141,종목_2141,소비재,341968,25620,-16.26
A002142,종목_2142,금융,424093,547,-21.8
A002143,종목_2143,금융,85425,4453,19.01
A002144,종목_2144,금융,1917,149,-22.46
A002145,종목_2145,IT,338746,2564,30.34
A002146,종목_2146,소비재,489256,4811,-28.36
A002147,종목_2147,제조업,327719,13703,-10.05
A002148,종목_2148,제조업,335662,28063,41.25
A002149,종목_2149,에너지,254187,9175,27.48
A002150,종목_2150,에너지,40104,3243,-24.16
A002151,종목_2151,커뮤니케이션,150134,461,35.69
A002152,종목_2152,에너지,280143,2434,9.44
A002153,종목_2153,금융,263091,10187,37.74
A002154,종목_2154,제조업,456061,40887,18.06
A002155,종목_2155,소비재,404157,34351,24.55
A002156,종목_2156,금융,62169,3833,49.48
A002157,종목_2157,IT,155542,6271,-11.41
A002158,종목_2158,에너지,130744,4184,19.92
A002159,종목_2159,금융,373828,27610,6.83
A002160,종목_2160,금융,60821,1673,-26.84
A002161,종목_2161,IT,218741,677,-28.84
A002162,종목_2162,바이오,250265,5801,-20.46
A002163,종목_2163,제조업,438651,17944,21.93
A002164,종목_2164,소비재,398745,33502,15.37
A002165,종목_2165,커뮤니케이션,215127,6702,14.27
A002166,종목_2166,바이오,275336,18320,-27.45
A002167,종목_2167,에너지,337246,26980,7.54
A002168,종목_2168,금융,204834,3678,43.97
A002169,종목_2169,IT,235538,19745,1.81
A002170,종목_2170,IT,378038,26903,19.99
A002171,종목_2171,제조업,87795,3456,32.39
A002172,종목_2172,바이오,166159,6853,32.71
A002173,종목_2173,커뮤니케이션,329821,9501,11.54
A002174,종목_2174,제조업,136699,4281,38.64
A002175,종목_2175,금융,450757,5635,1.31
A002176,종목_2176,제조업,244877,4152,41.1
A002177,종목_2177,소비재,200298,6443,-10.78
A002178,종목_2178,IT,499843,40747,-7.58
A002179,종목_2179,IT,397471,19578,-25.75
A002180,종목_2180,에너지,189505,6338,33.65
A002181,종목_2181,에너지,137285,8210,3.36
A002182,종목_2182,커뮤니케이션,103412,3240,-11.67
A002183,종목_2183,금융,20404,147,-11.46
A002184,종목_2184,소비재,117545,1623,42.11
A002185,종목_2185,바이오,419596,19818,36.71
A002186,종목_2186,제조업,223128,10093,14.28
A002187,종목_2187,커뮤니케이션,151245,6748,19.29
A002188,종목_2188,금융,185099,2004,7.95
A002189,종목_2189,에너지,287133,1138,1.33
A002190,종목_2190,제조업,262657,26230,43.24
A002191,종목_2191,에너지,371250,6290,-19.95
A002192,종목_2192,제조업,287663,18464,3.48
A002193,종목_2193,바이오,257875,24488,-2.44
A002194,종목_2194,금융,285583,18563,9.85
A002195,종목_2195,제조업,381714,31497,6.61
A002196,종목_2196,소비재,471165,24219,11.51
A002197,종목_2197,커뮤니케이션,15995,1160,-18.81
A002198,종목_2198,IT,24559,1854,11.05
A002199,종목_2199,소비재,352193,31011,-10.61
A002200,종목_2200,소비재,399237,14562,-15.25
A002201,종목_2201,커뮤니케이션,99000,3848,-24.81
A002202,종목_2202,IT,153191,13073,31.01
A002203,종목_2203,소비재,445755,20630,4.2
A002204,종목_2204,제조업,489051,11358,20.13
A002205,종목_2205,제조업,302494,1777,28.21
A002206,종목_2206,제조업,440439,846,24.35
A002207,종목_2207,IT,26517,1509,7.64
A002208,종목_2208,소비재,472869,4696,1.03
A002209,종목_2209,IT,416466,27511,0.08
A002210,종목_2210,제조업,216558,19543,21.2
A002211,종목_2211,커뮤니케이션,477111,38847,9.58
A002212,종목_2212,소비재,352276,33187,37.93
A002213,종목_2213,소비재,485282,27264,39.98
A002214,종목_2214,에너지,461014,38661,-16.36
A002215,종목_2215,에너지,448415,18116,-19.1
A002216,종목_2216,바이오,322690,28752,20.43
A002217,종목_2217,금융,106686,7814,-5.9
A002218,종목_2218,에너지,89151,1448,-28.51
A002219,종목_2219,IT,266471,9158,41.09
A002220,종목_2220,에너지,121318,9482,-11.85
A002221,종목_2221,바이오,423984,9479,44.34
A002222,종목_2222,소비재,196490,9181,27.39
A002223,종목_2223,바이오,488602,12296,31.01
A002224,종목_2224,소비재,174860,10943,-13.88
A002225,종목_2225,커뮤니케이션,116945,2844,-11.26
A002226,종목_2226,커뮤니케이션,214456,4345,11.7
A002227,종목_2227,소비재,309974,6739,-16.23
A002228,종목_2228,금융,53446,2717,-5.57
A002229,종목_2229,에너지,499294,22139,-4.28
A002230,종목_2230,IT,409376,39174,-17.23
A002231,종목_2231,IT,188655,2600,-13.59
A002232,종목_2232,제조업,428214,13412,33.08
A002233,종목_2233,소비재,421446,3332,-16.62
A002234,종목_2234,IT,141148,5849,-27.72
A002235,종목_2235,금융,70341,6096,20.35
A002236,종목_2236,소비재,32085,2160,48.08
A002237,종목_2237,금융,318715,7811,-3.5
A002238,종목_2238,IT,408931,37214,-20.51
A002239,종목_2239,IT,391452,23719,15.63
A002240,종목_2240,제조업,6750,414,42.51
A002241,종목_2241,IT,377075,36646,32.72
A002242,종목_2242,소비재,341912,11774,19.8
A002243,종목_2243,커뮤니케이션,36903,2384,-4.8
A002244,종목_2244,소비재,204561,5610,13.35
A002245,종목_2245,소비재,426309,35303,-22.7
A002246,종목_2246,제조업,92036,1618,24.32
A002247,종목_2247,제조업,88954,4048,28.01
A002248,종목_2248,IT,428530,42159,47.2
A002249,종목_2249,바이오,442441,22647,-9.17
A002250,종목_2250,바이오,482201,4201,-28.52
A002251,종목_2251,제조업,346158,28304,13.65
A002252,종목_2252,IT,429395,17927,26.54
A002253,종목_2253,바이오,118305,903,33.23
A002254,종목_2254,IT,419554,38038,-14.5
A002255,종목_2255,IT,486651,8216,-9.06
A002256,종목_2256,IT,201753,17635,11.01
A002257,종목_2257,에너지,33101,1321,-3.55
A002258,종목_2258,소비재,3775,205,38.84
A002259,종목_2259,IT,112497,3342,7.9
A002260,종목_2260,에너지,491399,44709,33.97
A002261,종목_2261,제조업,46619,2255,16.45
A002262,종목_2262,바이오,440054,38600,31.85
A002263,종목_2263,소비재,253388,16830,-3.39
A002264,종목_2264,커뮤니케이션,413755,11353,36.51
A002265,종목_2265,바이오,234346,15241,-8.03
A002266,종목_2266,소비재,320268,18940,13.69
A002267,종목_2267,커뮤니케이션,66149,2555,-12.88
A002268,종목_2268,바이오,27616,283,8.04
A002269,종목_2269,소비재,473871,9872,-4.55
A002270,종목_2270,바이오,222767,11793,-8.66
A002271,종목_2271,바이오,186639,902,47.36
A002272,종목_2272,커뮤니케이션,169171,5421,-17.19
A002273,종목_2273,바이오,207903,4081,32.99
A002274,종목_2274,바이오,232318,6065,48.73
A002275,종목_2275,커뮤니케이션,324943,6022,-28.41
A002276,종목_2276,제조업,353365,8785,25.92
A002277,종목_2277,IT,378023,13539,-9.77
A002278,종목_2278,금융,288623,16931,-26.76
A002279,종목_2279,에너지,440388,12784,2.23
A002280,종목_2280,금융,362309,35415,44.82
A002281,종목_2281,금융,56863,1344,-29.06
A002282,종목_2282,소비재,174115,9326,17.03
A002283,종목_2283,IT,345713,10869,10.11
A002284,종목_2284,소비재,496654,20991,39.87
A002285,종목_2285,IT,409624,21293,-23.28
A002286,종목_2286,커뮤니케이션,254347,4479,24.52
A002287,종목_2287,커뮤니케이션,190052,17690,24.41
A002288,종목_2288,IT,477172,27417,23.53
A002289,종목_2289,바이오,279495,14866,45.39
A002290,종목_2290,제조업,136203,4109,35.85
A002291,종목_2291,바이오,248908,19441,-26.64
A002292,종목_2292,제조업,307969,25739,7.69
A002293,종목_2293,소비재,274493,17495,1.84
A002294,종목_2294,제조업,193003,10950,-5.19
A002295,종목_2295,소비재,307398,15327,6.11
A002296,종목_2296,커뮤니케이션,301369,28646,0.74
A002297,종목_2297,금융,498599,19978,4.59
A002298,종목_2298,커뮤니케이션,275597,18097,48.34
A002299,종목_2299,커뮤니케이션,150886,1336,-22.91
A002300,종목_2300,금융,150335,3799,43.78
A002301,종목_2301,제조업,78694,4258,8.42
A002302,종목_2302,제조업,16735,1114,19.9
A002303,종목_2303,소비재,410046,2722,36.41
A002304,종목_2304,바이오,311037,1175,-1.16
A002305,종목_2305,소비재,176745,9909,4.43
A002306,종목_2306,바이오,390150,22180,2.76
A002307,종목_2307,커뮤니케이션,221534,10701,-0.02
A002308,종목_2308,금융,46066,1840,44.04
A002309,종목_2309,커뮤니케이션,232387,12732,36.31
A002310,종목_2310,IT,135445,4530,-21.28
A002311,종목_2311,제조업,404551,16580,-21.35
A002312,종목_2312,바이오,417957,12188,4.23
A002313,종목_2313,소비재,273836,19170,-22.11
A002314,종목_2314,금융,441511,8089,19.53
A002315,종목_2315,바이오,46541,4339,-18.5
A002316,종목_2316,소비재,166129,14578,11.79
A002317,종목_2317,제조업,67983,4762,-29.42
A002318,종목_2318,커뮤니케이션,151655,9455,-4.67
A002319,종목_2319,제조업,154837,2685,24.18
A002320,종목_2320,에너지,191359,5716,8.72
A002321,종목_2321,IT,418122,7722,48.26
A002322,종목_2322,에너지,383891,19182,39.93
A002323,종목_2323,금융,348247,3901,-1.27
A002324,종목_2324,바이오,211747,4206,-26.36
A002325,종목_2325,금융,178597,10043,37.65
A002326,종목_2326,커뮤니케이션,170302,5482,42.9
A002327,종목_2327,소비재,413736,30620,35.65
A002328,종목_2328,제조업,479454,19674,-19.76
A002329,종목_2329,에너지,446150,4171,49.83
A002330,종목_2330,에너지,288710,2619,-9.31
A002331,종목_2331,커뮤니케이션,336337,22215,27.94
A002332,종목_2332,에너지,497440,32691,42.64
A002333,종목_2333,커뮤니케이션,424350,17108,-11.15
A002334,종목_2334,금융,404561,18072,42.66
A002335,종목_2335,제조업,253084,9318,-5.24
A002336,종목_2336,바이오,122015,9936,48.11
A002337,종목_2337,소비재,173257,7618,-7.5
A002338,종목_2338,바이오,247536,10519,46.27
A002339,종목_2339,금융,225021,19789,-25.72
A002340,종목_2340,소비재,131956,2480,26.74
A002341,종목_2341,에너지,71744,4637,12.57
A002342,종목_2342,IT,296599,28761,8.23
A002343,종목_2343,금융,422234,31043,-12.12
A002344,종목_2344,금융,317363,17830,26.45
A002345,종목_2345,제조업,309135,3153,-14.74
A002346,종목_2346,바이오,74616,2627,14.23
A002347,종목_2347,금융,88438,3097,-9.74
A002348,종목_2348,금융,117841,11405,46.45
A002349,종목_2349,에너지,141558,12612,-27.71
A002350,종목_2350,에너지,170934,5017,-14.02
A002351,종목_2351,소비재,253734,21569,-10.62
A002352,종목_2352,커뮤니케이션,59870,3088,3.13
A002353,종목_2353,커뮤니케이션,87694,8732,-11.38
A002354,종목_2354,IT,238068,17908,9.31
A002355,종목_2355,커뮤니케이션,307000,9391,39.8
A002356,종목_2356,제조업,102407,3370,26.97
A002357,종목_2357,IT,494960,25453,16.4
A002358,종목_2358,소비재,480271,14790,-22.88
A002359,종목_2359,에너지,32379,1252,25.52
A002360,종목_2360,커뮤니케이션,327873,28780,-16.69
A002361,종목_2361,바이오,422594,35933,32.91
A002362,종목_2362,에너지,237500,22851,-10.0
A002363,종목_2363,제조업,55353,4663,3.36
A002364,종목_2364,에너지,182068,14233,-1.96
A002365,종목_2365,제조업,277175,15319,38.71
A002366,종목_2366,제조업,212144,19863,-19.88
A002367,종목_2367,제조업,66982,2395,15.25
A002368,종목_2368,소비재,37683,3516,-18.64
A002369,종목_2369,제조업,115091,8076,26.38
A002370,종목_2370,제조업,118797,10027,42.41
A002371,종목_2371,바이오,411834,18508,4.77
A002372,종목_2372,IT,7587,358,9.05
A002373,종목_2373,금융,325934,28343,44.19
A002374,종목_2374,IT,294624,15658,11.68
A002375,종목_2375,제조업,230602,13043,9.01
A002376,종목_2376,바이오,152599,10321,16.27
A002377,종목_2377,에너지,286713,19972,25.14
A002378,종목_2378,바이오,274295,21018,-21.45
A002379,종목_2379,제조업,465310,44574,35.69
A002380,종목_2380,바이오,191246,8674,4.84
A002381,종목_2381,커뮤니케이션,45739,1355,-24.21
A002382,종목_2382,바이오,33954,2439,32.89
A002383,종목_2383,제조업,244935,16866,0.16
A002384,종목_2384,소비재,110373,5525,-21.97
A002385,종목_2385,커뮤니케이션,429519,11503,20.7
A002386,종목_2386,바이오,35700,484,40.41
A002387,종목_2387,금융,487252,40818,41.02
A002388,종목_2388,금융,124728,4735,46.61
A002389,종목_2389,바이오,461784,7920,39.42
A002390,종목_2390,소비재,329932,3923,-29.83
A002391,종목_2391,에너지,72045,4715,0.42
A002392,종목_2392,제조업,432058,26034,35.48
A002393,종목_2393,금융,145972,6970,-0.7
A002394,종목_2394,에너지,391136,32196,18.12
A002395,종목_2395,바이오,343203,31085,18.51
A002396,종목_2396,에너지,2881,13,-0.8
A002397,종목_2397,커뮤니케이션,427253,32938,42.36
A002398,종목_2398,IT,395846,36695,10.26
A002399,종목_2399,금융,283933,27412,7.18
A002400,종목_2400,바이오,389227,7272,49.8
A002401,종목_2401,제조업,89059,7308,9.48
A002402,종목_2402,소비재,215566,12119,-15.73
A002403,종목_2403,커뮤니케이션,309295,22731,11.05
A002404,종목_2404,바이오,443136,23156,35.12
A002405,종목_2405,제조업,110388,1811,32.15
A002406,종목_2406,소비재,199303,6868,33.09
A002407,종목_2407,소비재,474573,27923,26.64
A002408,종목_2408,바이오,266406,18041,-9.66
A002409,종목_2409,커뮤니케이션,330125,21660,38.97
A002410,종목_2410,에너지,384095,16878,41.48
A002411,종목_2411,에너지,386243,30323,-14.47
A002412,종목_2412,소비재,82972,1078,-19.56
A002413,종목_2413,에너지,338629,5567,48.05
A002414,종목_2414,IT,55722,1147,39.47
A002415,종목_2415,소비재,352643,3057,41.46
A002416,종목_2416,소비재,182890,8430,40.91
A002417,종목_2417,제조업,424148,10314,13.33
A002418,종목_2418,에너지,270045,1443,21.71
A002419,종목_2419,커뮤니케이션,118473,7318,13.63
A002420,종목_2420,소비재,493239,14474,-25.9
A002421,종목_2421,커뮤니케이션,271741,3444,29.64
A002422,종목_2422,IT,392775,35370,10.43
A002423,종목_2423,제조업,327053,12726,21.82
A002424,종목_2424,바이오,335535,33475,10.21
A002425,종목_2425,커뮤니케이션,216286,15400,9.34
A002426,종목_2426,소비재,402479,12210,-16.26
A002427,종목_2427,IT,326437,12840,-7.7
A002428,종목_2428,금융,244896,22089,-17.29
A002429,종목_2429,IT,157877,534,-14.35
A002430,종목_2430,IT,485895,45452,47.84
A002431,종목_2431,제조업,12874,898,-17.75
A002432,종목_2432,바이오,225137,10148,-8.46
A002433,종목_2433,금융,349546,29911,17.25
A002434,종목_2434,에너지,277223,24687,18.81
A002435,종목_2435,에너지,444066,36116,-17.68
A002436,종목_2436,커뮤니케이션,335923,3497,33.5
A002437,종목_2437,IT,96408,4322,32.82
A002438,종목_2438,제조업,403234,12368,-11.01
A002439,종목_2439,제조업,121606,3909,-6.91
A002440,종목_2440,에너지,443716,32851,45.04
A002441,종목_2441,커뮤니케이션,121062,8036,36.05
A002442,종목_2442,커뮤니케이션,13100,747,25.82
A002443,종목_2443,커뮤니케이션,320165,31684,-23.42
A002444,종목_2444,금융,151872,9409,3.46
A002445,종목_2445,바이오,391270,33303,14.74
A002446,종목_2446,금융,195472,3426,-15.01
A002447,종목_2447,소비재,355590,22556,5.86
A002448,종목_2448,소비재,292581,1583,18.08
A002449,종목_2449,바이오,235196,21585,-3.81
A002450,종목_2450,에너지,208609,12614,32.48
A002451,종목_2451,바이오,440891,39627,37.24
A002452,종목_2452,제조업,152014,9386,-4.11
A002453,종목_2453,소비재,284006,14340,37.09
A002454,종목_2454,IT,274813,14785,-21.71
A002455,종목_2455,IT,384363,32667,37.02
A002456,종목_2456,에너지,185844,4171,-17.78
A002457,종목_2457,제조업,279060,15644,-23.37
A002458,종목_2458,금융,274022,8303,21.34
A002459,종목_2459,제조업,266129,21073,7.75
A002460,종목_2460,IT,492121,25547,42.63
A002461,종목_2461,IT,205720,1498,-0.94
A002462,종목_2462,소비재,42235,309,-7.03
A002463,종목_2463,제조업,282075,23918,10.06
A002464,종목_2464,제조업,93876,1180,6.48
A002465,종목_2465,IT,1336,131,-2.45
A002466,종목_2466,금융,306077,24370,25.5
A002467,종목_2467,에너지,479115,30339,30.76
A002468,종목_2468,커뮤니케이션,308680,10664,38.24
A002469,종목_2469,에너지,70504,2595,47.83
A002470,종목_2470,제조업,100214,6271,-8.67
A002471,종목_2471,에너지,183220,7115,27.29
A002472,종목_2472,IT,114936,6071,1.54
A002473,종목_2473,IT,17279,250,24.17
A002474,종목_2474,제조업,200737,15547,8.08
A002475,종목_2475,제조업,104751,9094,49.5
A002476,종목_2476,커뮤니케이션,367577,16819,28.31
A002477,종목_2477,커뮤니케이션,72386,7006,46.2
A002478,종목_2478,소비재,87124,5101,36.8
A002479,종목_2479,제조업,368894,9932,42.23
A002480,종목_2480,금융,340629,30549,35.15
A002481,종목_2481,에너지,337199,8739,6.73
A002482,종목_2482,제조업,92911,726,-9.86
A002483,종목_2483,바이오,361762,34342,-0.37
A002484,종목_2484,소비재,471489,34955,-28.38
A002485,종목_2485,바이오,198742,10126,11.92
A002486,종목_2486,IT,470690,14269,10.4
A002487,종목_2487,커뮤니케이션,448244,1342,12.02
A002488,종목_2488,에너지,222094,7959,47.92
A002489,종목_2489,제조업,377036,28208,42.92
A002490,종목_2490,바이오,485848,25202,-17.06
A002491,종목_2491,에너지,238723,9988,-0.49
A002492,종목_2492,IT,334272,4422,3.92
A002493,종목_2493,커뮤니케이션,412324,34616,-1.16
A002494,종목_2494,금융,315639,6429,33.88
A002495,종목_2495,소비재,83806,1260,11.92
A002496,종목_2496,에너지,356329,3067,15.77
A002497,종목_2497,에너지,208605,7623,38.24
A002498,종목_2498,금융,231097,17096,34.47
A002499,종목_2499,에너지,451046,32578,-19.42
A002500,종목_2500,IT,468856,20900,27.11
A002501,종목_2501,IT,446725,20843,4.83
A002502,종목_2502,금융,198478,1190,-6.43
A002503,종목_2503,소비재,488436,15129,-26.0
A002504,종목_2504,제조업,171591,15937,8.98
A002505,종목_2505,바이오,312793,24018,-1.57
A002506,종목_2506,제조업,166596,11226,-9.88
A002507,종목_2507,에너지,490709,41681,25.57
A002508,종목_2508,바이오,165957,397,31.56
A002509,종목_2509,금융,438585,13345,-10.42
A002510,종목_2510,금융,233204,8228,-26.04
A002511,종목_2511,소비재,358546,23029,37.9
A002512,종목_2512,바이오,293820,24358,-29.2
A002513,종목_2513,IT,327237,16958,44.97
A002514,종목_2514,바이오,441980,21455,20.21
A002515,종목_2515,에너지,182871,2610,-4.25
A002516,종목_2516,IT,342558,9341,-10.28
A002517,종목_2517,커뮤니케이션,499512,40435,-29.28
A002518,종목_2518,커뮤니케이션,356239,21504,-11.16
A002519,종목_2519,커뮤니케이션,244154,17848,-18.98
A002520,종목_2520,금융,73307,5434,18.97
A002521,종목_2521,바이오,476278,2608,-16.68
A002522,종목_2522,커뮤니케이션,358576,19375,12.29
A002523,종목_2523,제조업,295067,26417,17.21
A002524,종목_2524,소비재,380593,10459,-6.16
A002525,종목_2525,제조업,495955,7185,-27.19
A002526,종목_2526,커뮤니케이션,236998,14817,-27.02
A002527,종목_2527,소비재,472604,40384,-27.89
A002528,종목_2528,에너지,310718,11344,29.13
A002529,종목_2529,제조업,437607,11437,-4.56
A002530,종목_2530,바이오,122757,10141,33.7
A002531,종목_2531,바이오,54664,457,4.54
A002532,종목_2532,제조업,330528,16880,6.24
A002533,종목_2533,커뮤니케이션,294171,5586,11.03
A002534,종목_2534,바이오,167536,15532,27.04
A002535,종목_2535,에너지,297629,3062,-8.12
A002536,종목_2536,IT,260438,7559,-20.27
A002537,종목_2537,커뮤니케이션,151528,13450,14.48
A002538,종목_2538,에너지,469011,29386,-3.84
A002539,종목_2539,소비재,298698,5974,5.4
A002540,종목_2540,에너지,310066,18438,21.76
A002541,종목_2541,커뮤니케이션,276553,2169,9.53
A002542,종목_2542,소비재,201399,15166,19.62
A002543,종목_2543,커뮤니케이션,223472,16784,13.54
A002544,종목_2544,바이오,299783,26765,29.18
A002545,종목_2545,IT,232182,21363,26.47
A002546,종목_2546,커뮤니케이션,457843,32174,12.74
A002547,종목_2547,커뮤니케이션,477640,26199,24.31
A002548,종목_2548,바이오,282836,21100,39.88
A002549,종목_2549,금융,90037,2107,4.58
A002550,종목_2550,바이오,210912,2995,3.02
A002551,종목_2551,소비재,186272,8895,31.14
A002552,종목_2552,바이오,225135,16107,16.6
A002553,종목_2553,바이오,189487,9890,-24.32
A002554,종목_2554,IT,19074,1116,41.37
A002555,종목_2555,바이오,147621,1764,-27.54
A002556,종목_2556,커뮤니케이션,293107,27560,29.87
A002557,종목_2557,IT,485672,23925,30.7
A002558,종목_2558,제조업,228434,19569,46.25
A002559,종목_2559,금융,233679,4724,-25.67
A002560,종목_2560,IT,53265,3118,17.75
A002561,종목_2561,소비재,17061,279,4.23
A002562,종목_2562,제조업,452442,21218,-3.55
A002563,종목_2563,IT,160882,15740,-22.77
A002564,종목_2564,IT,454222,842,15.01
A002565,종목_2565,금융,114502,7057,8.32
A002566,종목_2566,커뮤니케이션,285944,22396,-21.64
A002567,종목_2567,소비재,379336,30960,19.0
A002568,종목_2568,에너지,257505,20539,29.04
A002569,종목_2569,에너지,108228,10414,31.38
A002570,종목_2570,IT,207548,2476,42.43
A002571,종목_2571,바이오,463676,15467,2.76
A002572,종목_2572,소비재,451983,20262,46.25
A002573,종목_2573,제조업,291198,25342,39.23
A002574,종목_2574,바이오,469535,20046,-6.28
A002575,종목_2575,바이오,497005,13482,-17.26
A002576,종목_2576,소비재,177469,3718,4.83
A002577,종목_2577,커뮤니케이션,14233,158,2.15
A002578,종목_2578,IT,243277,8210,16.06
A002579,종목_2579,IT,484236,23813,16.67
A002580,종목_2580,IT,157140,13791,30.0
A002581,종목_2581,IT,328871,11272,10.79
A002582,종목_2582,에너지,353754,21340,-21.61
A002583,종목_2583,IT,333597,32269,38.66
A002584,종목_2584,에너지,105135,2361,-5.22
A002585,종목_2585,에너지,420048,28624,47.7
A002586,종목_2586,커뮤니케이션,371608,8644,-20.57
A002587,종목_2587,IT,218314,1599,46.66
A002588,종목_2588,금융,14682,1299,-22.72
A002589,종목_2589,제조업,486514,11261,-11.52
A002590,종목_2590,바이오,155455,5224,-26.27
A002591,종목_2591,에너지,321304,28936,26.41
A002592,종목_2592,소비재,225404,10573,38.02
A002593,종목_2593,소비재,286810,28076,4.73
A002594,종목_2594,제조업,321961,16900,44.28
A002595,종목_2595,소비재,92198,5068,17.22
A002596,종목_2596,금융,428858,42756,20.4
A002597,종목_2597,소비재,42830,3395,37.63
A002598,종목_2598,바이오,497283,18208,-6.26
A002599,종목_2599,바이오,11234,833,-1.66
A002600,종목_2600,에너지,58616,212,42.48
A002601,종목_2601,IT,272365,8090,42.08
A002602,종목_2602,커뮤니케이션,143482,1775,48.12
A002603,종목_2603,금융,212127,15997,42.15
A002604,종목_2604,에너지,193485,7676,-19.81
A002605,종목_2605,금융,2051,127,35.9
A002606,종목_2606,IT,373673,499,2.79
A002607,종목_2607,소비재,469517,1470,49.26
A002608,종목_2608,소비재,77918,2237,7.78
A002609,종목_2609,커뮤니케이션,79116,6828,14.31
A002610,종목_2610,IT,385370,2972,12.38
A002611,종목_2611,에너지,450779,30600,-4.26
A002612,종목_2612,커뮤니케이션,229931,16121,-24.0
A002613,종목_2613,IT,307901,3405,41.65
A002614,종목_2614,제조업,384152,25797,34.21
A002615,종목_2615,바이오,209547,19241,-18.84
A002616,종목_2616,커뮤니케이션,445473,25508,32.14
A002617,종목_2617,커뮤니케이션,227572,7651,20.07
A002618,종목_2618,에너지,132379,5419,2.73
A002619,종목_2619,금융,57889,2272,-9.68
A002620,종목_2620,제조업,463111,42331,38.78
A002621,종목_2621,에너지,227256,15940,26.02
A002622,종목_2622,IT,299088,15299,13.82
A002623,종목_2623,IT,362699,29473,18.77
A002624,종목_2624,IT,39134,2636,-22.71
A002625,종목_2625,IT,421539,28670,7.91
A002626,종목_2626,금융,203834,7724,-14.5
A002627,종목_2627,제조업,481441,22083,-13.33
A002628,종목_2628,소비재,228579,16127,22.9
A002629,종목_2629,바이오,26954,2610,42.9
A002630,종목_2630,금융,187093,2448,2.3
A002631,종목_2631,금융,353103,22359,-13.38
A002632,종목_2632,소비재,227999,2831,21.9
A002633,종목_2633,소비재,211938,19636,39.69
A002634,종목_2634,바이오,202499,12877,29.87
A002635,종목_2635,바이오,268136,1674,39.5
A002636,종목_2636,소비재,2961,169,12.92
A002637,종목_2637,IT,13497,1251,30.15
A002638,종목_2638,금융,426767,35029,-18.79
A002639,종목_2639,에너지,470600,485,-2.14
A002640,종목_2640,바이오,257446,9674,1.16
A002641,종목_2641,바이오,449971,28032,10.9
A002642,종목_2642,소비재,276399,17152,44.33
A002643,종목_2643,제조업,136639,9896,39.94
A002644,종목_2644,에너지,311991,8435,-19.24
A002645,종목_2645,에너지,236889,23590,-16.18
A002646,종목_2646,바이오,180075,11362,-1.39
A002647,종목_2647,IT,21389,205,-6.74
A002648,종목_2648,제조업,176595,7354,19.18
A002649,종목_2649,에너지,386946,14456,42.22
A002650,종목_2650,바이오,324720,11874,46.98
A002651,종목_2651,에너지,307063,5426,22.29
A002652,종목_2652,커뮤니케이션,214175,6325,37.05
A002653,종목_2653,제조업,4358,335,12.02
A002654,종목_2654,제조업,351679,32049,-13.33
A002655,종목_2655,커뮤니케이션,253557,20014,11.98
A002656,종목_2656,금융,208596,4702,14.41
A002657,종목_2657,커뮤니케이션,255488,10654,29.4
A002658,종목_2658,소비재,106982,10311,-12.41
A002659,종목_2659,소비재,229129,9204,-0.54
A002660,종목_2660,바이오,268842,22242,-0.88
A002661,종목_2661,제조업,329953,8086,46.76
A002662,종목_2662,금융,94079,1283,5.52
A002663,종목_2663,금융,56805,3724,30.41
A002664,종목_2664,에너지,163421,4687,30.06
A002665,종목_2665,에너지,208849,14957,-8.76
A002666,종목_2666,커뮤니케이션,444464,43872,15.75
A002667,종목_2667,금융,338177,32964,41.54
A002668,종목_2668,커뮤니케이션,239483,9522,8.02
A002669,종목_2669,커뮤니케이션,361383,22250,45.61
A002670,종목_2670,에너지,393551,9183,-12.84
A002671,종목_2671,제조업,45041,2808,-24.07
A002672,종목_2672,커뮤니케이션,295098,25062,41.32
A002673,종목_2673,IT,271146,4517,37.81
A002674,종목_2674,제조업,332927,13572,49.41
A002675,종목_2675,금융,108524,8389,24.35
A002676,종목_2676,금융,219306,19082,44.94
A002677,종목_2677,커뮤니케이션,388001,18796,36.16
A002678,종목_2678,제조업,20738,342,37.55
A002679,종목_2679,에너지,273847,20155,15.53
A002680,종목_2680,에너지,114776,3507,0.59
A002681,종목_2681,소비재,181494,4322,44.76
A002682,종목_2682,금융,477322,5886,4.57
A002683,종목_2683,바이오,193971,203,13.11
A002684,종목_2684,소비재,406608,35347,5.69
A002685,종목_2685,에너지,307868,709,15.19
A002686,종목_2686,제조업,295443,13761,7.64
A002687,종목_2687,에너지,278785,14670,-26.16
A002688,종목_2688,제조업,342678,8940,40.56
A002689,종목_2689,소비재,269449,21342,5.55
A002690,종목_2690,금융,230334,13652,17.12
A002691,종목_2691,에너지,281926,1857,-18.86
A002692,종목_2692,커뮤니케이션,341401,30915,-29.73
A002693,종목_2693,제조업,237371,20610,-10.38
A002694,종목_2694,금융,78963,2345,26.37
A002695,종목_2695,바이오,122987,9851,-22.06
A002696,종목_2696,제조업,152638,1095,42.71
A002697,종목_2697,소비재,125591,11402,-12.8
A002698,종목_2698,바이오,68766,6275,-13.63
A002699,종목_2699,바이오,7511,222,-15.48
A002700,종목_2700,IT,115816,1564,-28.88
A002701,종목_2701,에너지,250432,2544,31.74
A002702,종목_2702,제조업,420393,18452,40.0
A002703,종목_2703,바이오,267909,25653,19.13
A002704,종목_2704,IT,152426,528,-14.94
A002705,종목_2705,소비재,287073,19575,-7.18
A002706,종목_2706,금융,160892,2518,8.07
A002707,종목_2707,커뮤니케이션,112576,7033,46.35
A002708,종목_2708,커뮤니케이션,423739,28455,-10.21
A002709,종목_2709,제조업,72088,3870,28.53
A002710,종목_2710,바이오,460379,19723,5.16
A002711,종목_2711,커뮤니케이션,78525,5448,-6.17
A002712,종목_2712,에너지,14780,646,6.47
A002713,종목_2713,커뮤니케이션,269733,14395,-24.3
A002714,종목_2714,커뮤니케이션,429028,7907,33.89
A002715,종목_2715,커뮤니케이션,356808,27688,-10.54
A002716,종목_2716,IT,440155,3021,28.03
A002717,종목_2717,바이오,445709,32404,-24.53
A002718,종목_2718,에너지,105188,4285,46.41
A002719,종목_2719,바이오,94326,261,-14.56
A002720,종목_2720,제조업,304097,14442,40.62
A002721,종목_2721,제조업,66785,1520,34.76
A002722,종목_2722,제조업,20309,768,47.43
A002723,종목_2723,소비재,55195,4753,8.23
A002724,종목_2724,커뮤니케이션,26901,516,28.19
A002725,종목_2725,소비재,155648,5205,-0.34
A002726,종목_2726,IT,425724,12748,-15.25
A002727,종목_2727,제조업,468927,42789,5.45
A002728,종목_2728,에너지,26464,418,-16.74
A002729,종목_2729,바이오,454497,8769,48.56
A002730,종목_2730,커뮤니케이션,279404,4938,-22.3
A002731,종목_2731,금융,125997,5694,17.14
A002732,종목_2732,에너지,298584,21847,20.12
A002733,종목_2733,커뮤니케이션,358226,18331,13.05
A002734,종목_2734,소비재,368727,10494,22.97
A002735,종목_2735,소비재,57683,4880,-20.71
A002736,종목_2736,에너지,387350,4664,14.4
A002737,종목_2737,소비재,173502,12826,-7.02
A002738,종목_2738,제조업,396203,20704,45.21
A002739,종목_2739,IT,157177,6103,30.97
A002740,종목_2740,바이오,79484,1912,47.8
A002741,종목_2741,IT,250819,781,-27.0
A002742,종목_2742,커뮤니케이션,407242,29668,-7.19
A002743,종목_2743,바이오,331453,1221,-14.37
A002744,종목_2744,바이오,309071,7710,-29.11
A002745,종목_2745,IT,207486,18986,-10.61
A002746,종목_2746,에너지,451751,25503,24.3
A002747,종목_2747,바이오,306090,14805,-11.51
A002748,종목_2748,IT,389647,10160,10.72
A002749,종목_2749,바이오,450777,17322,41.03
A002750,종목_2750,금융,142449,12225,25.5
A002751,종목_2751,에너지,54592,117,1.57
A002752,종목_2752,제조업,139419,7270,-0.2
A002753,종목_2753,바이오,296920,4305,6.46
A002754,종목_2754,금융,397999,37244,-15.84
A002755,종목_2755,제조업,56798,368,20.72
A002756,종목_2756,제조업,136370,5019,-0.87
A002757,종목_2757,커뮤니케이션,333348,25481,38.19
A002758,종목_2758,바이오,349351,12238,30.52
A002759,종목_2759,IT,363500,11253,18.84
A002760,종목_2760,바이오,449377,18335,-0.86
A002761,종목_2761,금융,323796,22669,-13.21
A002762,종목_2762,제조업,428700,8259,32.09
A002763,종목_2763,바이오,492830,28674,8.91
A002764,종목_2764,IT,392716,32948,-12.02
A002765,종목_2765,커뮤니케이션,244767,21001,-14.39
A002766,종목_2766,바이오,21922,315,-16.77
A002767,종목_2767,에너지,428244,23573,32.17
A002768,종목_2768,커뮤니케이션,414532,15766,-11.68
A002769,종목_2769,IT,340140,27467,12.13
A002770,종목_2770,금융,411184,24812,6.12
A002771,종목_2771,제조업,293410,11709,16.37
A002772,종목_2772,바이오,227817,5636,40.17
A002773,종목_2773,IT,418216,28525,39.42
A002774,종목_2774,커뮤니케이션,408227,31440,6.09
A002775,종목_2775,에너지,3866,10,-28.77
A002776,종목_2776,IT,113669,1476,4.12
A002777,종목_2777,소비재,269042,7468,18.5
A002778,종목_2778,에너지,281539,23666,14.62
A002779,종목_2779,커뮤니케이션,171091,5218,22.11
A002780,종목_2780,금융,497459,32716,-17.67
A002781,종목_2781,제조업,267150,5426,21.72
A002782,종목_2782,커뮤니케이션,166465,607,-15.39
A002783,종목_2783,금융,274100,26380,30.04
A002784,종목_2784,바이오,444258,29321,-2.87
A002785,종목_2785,IT,490415,47301,26.79
A002786,종목_2786,소비재,400294,22267,-26.17
A002787,종목_2787,에너지,423847,25086,2.63
A002788,종목_2788,에너지,358820,22286,26.4
A002789,종목_2789,IT,122724,1156,-11.85
A002790,종목_2790,소비재,63901,6187,33.62
A002791,종목_2791,IT,370371,29049,20.46
A002792,종목_2792,바이오,201569,18902,17.0
A002793,종목_2793,금융,489029,1342,-1.72
A002794,종목_2794,커뮤니케이션,118192,4578,8.6
A002795,종목_2795,에너지,173646,13434,17.79
A002796,종목_2796,바이오,294561,4802,7.8
A002797,종목_2797,금융,351164,16992,25.87
A002798,종목_2798,바이오,346783,26452,4.7
A002799,종목_2799,소비재,459222,5204,-13.82
A002800,종목_2800,에너지,95881,4530,-12.89
A002801,종목_2801,커뮤니케이션,243934,16946,-29.54
A002802,종목_2802,IT,433670,32777,-5.92
A002803,종목_2803,IT,133659,4355,29.91
A002804,종목_2804,금융,122688,11005,33.53
A002805,종목_2805,커뮤니케이션,116584,5675,-13.8
A002806,종목_2806,제조업,186782,11524,46.72
A002807,종목_2807,소비재,349711,4750,10.19
A002808,종목_2808,금융,223820,21507,43.36
A002809,종목_2809,제조업,339030,25257,26.54
A002810,종목_2810,바이오,413032,17232,27.79
A002811,종목_2811,소비재,217896,21338,-23.2
A002812,종목_2812,바이오,292576,21985,-12.4
A002813,종목_2813,커뮤니케이션,180689,7035,-29.29
A002814,종목_2814,에너지,335517,5675,27.29
A002815,종목_2815,소비재,166289,2874,-2.44
A002816,종목_2816,제조업,284028,6131,32.93
A002817,종목_2817,에너지,268598,5534,-2.89
A002818,종목_2818,IT,75960,3613,35.55
A002819,종목_2819,제조업,103421,7748,-19.54
A002820,종목_2820,금융,239245,14967,-16.13
A002821,종목_2821,IT,44618,1863,-2.73
A002822,종목_2822,IT,478164,26267,2.68
A002823,종목_2823,금융,456887,21072,-2.1
A002824,종목_2824,소비재,48111,3371,31.09
A002825,종목_2825,IT,433829,37082,-22.24
A002826,종목_2826,커뮤니케이션,217750,8673,-1.9
A002827,종목_2827,제조업,121592,7296,36.98
A002828,종목_2828,에너지,235000,5320,-24.66
A002829,종목_2829,IT,256989,7356,45.39
A002830,종목_2830,제조업,323137,25160,48.91
A002831,종목_2831,바이오,129652,5576,-22.91
A002832,종목_2832,제조업,403064,35786,-6.7
A002833,종목_2833,에너지,79672,2850,-0.21
A002834,종목_2834,제조업,251351,23351,32.11
A002835,종목_2835,금융,329269,13932,17.67
A002836,종목_2836,에너지,218516,20608,21.55
A002837,종목_2837,소비재,380653,8321,30.6
A002838,종목_2838,바이오,62602,917,-20.56
A002839,종목_2839,금융,204117,6822,36.66
A002840,종목_2840,소비재,238069,20484,26.45
A002841,종목_2841,제조업,43222,3208,16.19
A002842,종목_2842,에너지,312367,30645,41.18
A002843,종목_2843,바이오,242084,21248,26.02
A002844,종목_2844,금융,243318,22416,-13.86
A002845,종목_2845,소비재,66333,2226,4.38
A002846,종목_2846,소비재,184804,16431,9.52
A002847,종목_2847,바이오,385794,18950,-25.58
A002848,종목_2848,커뮤니케이션,50420,1954,46.37
A002849,종목_2849,제조업,76504,1235,-19.71
A002850,종목_2850,바이오,3462,171,25.8
A002851,종목_2851,소비재,272604,9540,10.5
A002852,종목_2852,IT,100319,6847,-27.95
A002853,종목_2853,금융,257674,9030,43.98
A002854,종목_2854,바이오,141347,3240,38.15
A002855,종목_2855,커뮤니케이션,488429,14033,11.94
A002856,종목_2856,소비재,145341,7216,-11.68
A002857,종목_2857,제조업,130593,2277,-20.27
A002858,종목_2858,소비재,123672,11696,-0.93
A002859,종목_2859,제조업,460158,20070,-9.57
A002860,종목_2860,바이오,336064,29321,10.54
A002861,종목_2861,제조업,285697,16129,47.31
A002862,종목_2862,에너지,418582,24615,16.0
A002863,종목_2863,에너지,45036,2410,41.19
A002864,종목_2864,에너지,149441,3458,22.07
A002865,종목_2865,커뮤니케이션,143867,251,8.02
A002866,종목_2866,커뮤니케이션,71021,2185,38.37
A002867,종목_2867,IT,370349,14404,7.71
A002868,종목_2868,커뮤니케이션,462370,23382,39.49
A002869,종목_2869,바이오,162215,3362,-6.67
A002870,종목_2870,소비재,423641,8644,-19.69
A002871,종목_2871,소비재,351353,10582,38.43
A002872,종목_2872,IT,338283,30364,16.99
A002873,종목_2873,커뮤니케이션,237304,12642,41.13
A002874,종목_2874,제조업,6368,496,45.03
A002875,종목_2875,IT,136693,4933,-25.71
A002876,종목_2876,제조업,59829,4143,10.08
A002877,종목_2877,제조업,392180,5339,-0.0
A002878,종목_2878,금융,454510,44794,20.07
A002879,종목_2879,소비재,277863,6185,33.49
A002880,종목_2880,에너지,30227,932,-7.55
A002881,종목_2881,커뮤니케이션,110430,3508,14.54
A002882,종목_2882,제조업,401782,9748,26.7
A002883,종목_2883,금융,13306,825,-19.25
A002884,종목_2884,소비재,54822,645,35.13
A002885,종목_2885,에너지,25042,1889,18.49
A002886,종목_2886,제조업,409302,23811,45.96
A002887,종목_2887,제조업,149459,2584,-2.84
A002888,종목_2888,IT,421258,15853,-21.35
A002889,종목_2889,IT,90424,2727,10.52
A002890,종목_2890,소비재,183690,14817,-23.14
A002891,종목_2891,에너지,224122,14088,47.56
A002892,종목_2892,제조업,150395,6357,-26.91
A002893,종목_2893,소비재,19019,944,30.28
A002894,종목_2894,소비재,338570,12061,12.01
A002895,종목_2895,바이오,41863,202,-0.51
A002896,종목_2896,커뮤니케이션,112023,10104,-24.73
A002897,종목_2897,IT,142355,8125,19.77
A002898,종목_2898,에너지,412495,28336,16.82
A002899,종목_2899,제조업,310143,28393,-7.53
A002900,종목_2900,소비재,63780,2009,42.82
A002901,종목_2901,제조업,286052,7540,-5.67
A002902,종목_2902,바이오,193656,12711,5.98
A002903,종목_2903,에너지,389422,13065,13.5
A002904,종목_2904,소비재,376146,18422,-21.98
A002905,종목_2905,제조업,444441,40821,44.57
A002906,종목_2906,IT,170024,10829,-0.04
A002907,종목_2907,커뮤니케이션,101706,3697,-23.54
A002908,종목_2908,바이오,169735,3449,0.98
A002909,종목_2909,에너지,123019,3508,18.02
A002910,종목_2910,바이오,372852,27646,11.09
A002911,종목_2911,IT,193453,12818,25.56
A002912,종목_2912,에너지,180001,948,-25.56
A002913,종목_2913,바이오,272487,13488,-7.24
A002914,종목_2914,금융,339317,1650,35.54
A002915,종목_2915,IT,101260,5676,-23.61
A002916,종목_2916,IT,171863,1780,38.44
A002917,종목_2917,IT,161206,4167,-22.65
A002918,종목_2918,금융,179173,11608,36.76
A002919,종목_2919,금융,70443,3929,-1.14
A002920,종목_2920,제조업,231183,14770,18.98
A002921,종목_2921,소비재,320674,7008,-17.77
A002922,종목_2922,커뮤니케이션,441015,6378,-24.71
A002923,종목_2923,바이오,136899,1692,-12.72
A002924,종목_2924,제조업,97143,8718,-19.77
A002925,종목_2925,바이오,194725,12000,-5.01
A002926,종목_2926,커뮤니케이션,145771,922,11.15
A002927,종목_2927,소비재,497044,45099,17.1
A002928,종목_2928,금융,485635,42262,33.19
A002929,종목_2929,소비재,377671,35842,22.5
A002930,종목_2930,금융,249044,1314,18.7
A002931,종목_2931,커뮤니케이션,137385,12013,2.94
A002932,종목_2932,소비재,145670,10855,7.9
A002933,종목_2933,제조업,112362,2079,3.16
A002934,종목_2934,에너지,247517,9596,37.37
A002935,종목_2935,제조업,291951,18489,-11.6
A002936,종목_2936,바이오,464639,24976,-29.54
A002937,종목_2937,제조업,201462,9967,22.11
A002938,종목_2938,커뮤니케이션,177298,11473,-13.8
A002939,종목_2939,IT,60550,3230,41.21
A002940,종목_2940,바이오,474288,40317,38.72
A002941,종목_2941,소비재,266702,1931,-23.86
A002942,종목_2942,바이오,469524,23087,-21.49
A002943,종목_2943,에너지,313257,24532,9.61
A002944,종목_2944,금융,316143,21910,18.74
A002945,종목_2945,소비재,187950,11664,-8.01
A002946,종목_2946,바이오,430559,20864,27.34
A002947,종목_2947,소비재,59219,4300,17.59
A002948,종목_2948,소비재,167258,9849,-4.01
A002949,종목_2949,소비재,431182,32845,-27.97
A002950,종목_2950,금융,165841,11648,30.01
A002951,종목_2951,커뮤니케이션,252004,23493,-12.82
A002952,종목_2952,제조업,258336,16020,36.76
A002953,종목_2953,소비재,237495,19313,3.62
A002954,종목_2954,IT,54218,1283,16.17
A002955,종목_2955,커뮤니케이션,282373,5297,39.84
A002956,종목_2956,에너지,338353,28933,39.09
A002957,종목_2957,금융,28877,1509,-0.28
A002958,종목_2958,바이오,190073,11398,-13.29
A002959,종목_2959,금융,360281,23809,32.01
A002960,종목_2960,바이오,301228,15093,4.65
A002961,종목_2961,금융,344924,7226,-14.64
A002962,종목_2962,바이오,487108,38367,42.35
A002963,종목_2963,소비재,148878,14883,-14.15
A002964,종목_2964,제조업,220707,2505,-27.94
A002965,종목_2965,바이오,242249,1401,-28.38
A002966,종목_2966,바이오,38034,1999,19.79
A002967,종목_2967,IT,172389,3748,22.93
A002968,종목_2968,바이오,318612,16990,-5.12
A002969,종목_2969,IT,413310,21587,-4.4
A002970,종목_2970,에너지,189868,1128,-2.84
A002971,종목_2971,소비재,11589,1054,24.41
A002972,종목_2972,IT,58221,951,-25.35
A002973,종목_2973,제조업,256927,17102,44.33
A002974,종목_2974,커뮤니케이션,264801,14699,-12.2
A002975,종목_2975,소비재,361444,3440,49.97
A002976,종목_2976,IT,118229,2206,-16.28
A002977,종목_2977,소비재,302675,12470,31.72
A002978,종목_2978,소비재,53227,3615,-12.13
A002979,종목_2979,소비재,266308,18605,-23.53
A002980,종목_2980,에너지,94078,7110,39.99
A002981,종목_2981,제조업,478189,8428,38.7
A002982,종목_2982,금융,304391,15201,2.29
A002983,종목_2983,금융,236113,12771,26.19
A002984,종목_2984,IT,413817,40236,14.57
A002985,종목_2985,소비재,488182,24686,38.24
A002986,종목_2986,IT,51599,4669,-4.8
A002987,종목_2987,에너지,465761,20601,11.89
A002988,종목_2988,에너지,247367,23954,8.83
A002989,종목_2989,바이오,398768,11850,-1.69
A002990,종목_2990,에너지,403633,28268,41.32
A002991,종목_2991,바이오,190651,1821,-16.73
A002992,종목_2992,제조업,69207,4787,-18.04
A002993,종목_2993,IT,335199,12290,16.15
A002994,종목_2994,커뮤니케이션,365410,17463,22.6
A002995,종목_2995,제조업,341414,6460,-14.43
A002996,종목_2996,에너지,112426,830,1.26
A002997,종목_2997,제조업,135794,1192,45.73
A002998,종목_2998,제조업,333586,10562,-10.27
A002999,종목_2999,제조업,358776,21013,23.47
A003000,종목_3000,에너지,172103,3102,29.21
A003001,종목_3001,커뮤니케이션,211307,9033,5.85
A003002,종목_3002,소비재,22438,288,45.0
A003003,종목_3003,제조업,59819,4855,28.93
A003004,종목_3004,바이오,44856,2964,6.63
A003005,종목_3005,에너지,427792,40361,15.55
A003006,종목_3006,제조업,305082,2952,25.41
A003007,종목_3007,커뮤니케이션,443244,5132,17.38
A003008,종목_3008,소비재,60807,1938,40.3
A003009,종목_3009,에너지,313021,11200,-1.45
A003010,종목_3010,금융,491999,44067,-6.01
A003011,종목_3011,소비재,44461,4355,-12.89
A003012,종목_3012,바이오,94474,5385,-26.98
A003013,종목_3013,제조업,434685,35868,-26.56
A003014,종목_3014,커뮤니케이션,346280,3067,39.6
A003015,종목_3015,금융,283579,26687,24.27
A003016,종목_3016,커뮤니케이션,216189,10607,22.84
A003017,종목_3017,금융,408407,33297,19.17
A003018,종목_3018,에너지,347870,30218,37.94
A003019,종목_3019,금융,255730,9829,8.42
A003020,종목_3020,바이오,247732,13276,39.63
A003021,종목_3021,바이오,421602,21697,-1.24
A003022,종목_3022,IT,163793,11648,44.14
A003023,종목_3023,바이오,55786,1656,25.89
A003024,종목_3024,소비재,276848,22914,-9.43
A003025,종목_3025,금융,57635,1788,15.13
A003026,종목_3026,바이오,396339,22739,12.64
A003027,종목_3027,에너지,353854,18167,-18.97
A003028,종목_3028,커뮤니케이션,241909,10470,17.3
A003029,종목_3029,커뮤니케이션,246984,22612,-4.82
A003030,종목_3030,IT,326137,11996,-25.81
A003031,종목_3031,커뮤니케이션,113752,9296,45.89
A003032,종목_3032,금융,212194,12788,21.32
A003033,종목_3033,IT,229584,14747,40.15
A003034,종목_3034,금융,419632,2326,24.08
A003035,종목_3035,에너지,133886,12853,-1.44
A003036,종목_3036,IT,79537,6113,11.02
A003037,종목_3037,제조업,313402,23071,24.06
A003038,종목_3038,소비재,148580,13413,46.82
A003039,종목_3039,소비재,86166,1216,-9.71
A003040,종목_3040,금융,210988,2111,40.0
A003041,종목_3041,커뮤니케이션,376854,15280,43.93
A003042,종목_3042,제조업,298843,9102,23.63
A003043,종목_3043,IT,309479,27182,44.5
A003044,종목_3044,제조업,309950,10702,1.83
A003045,종목_3045,제조업,340997,549,46.24
A003046,종목_3046,커뮤니케이션,195840,10172,26.22
A003047,종목_3047,IT,298883,7649,-26.64
A003048,종목_3048,에너지,35785,1271,42.55
A003049,종목_3049,커뮤니케이션,164052,12127,8.76
A003050,종목_3050,제조업,483551,6374,6.83
A003051,종목_3051,제조업,232791,16734,15.32
A003052,종목_3052,에너지,488918,15548,-18.05
A003053,종목_3053,제조업,348160,21247,7.53
A003054,종목_3054,제조업,395825,30157,36.49
A003055,종목_3055,제조업,67253,3687,-28.76
A003056,종목_3056,소비재,479697,22971,-8.17
A003057,종목_3057,커뮤니케이션,92128,6096,-29.8
A003058,종목_3058,바이오,422357,24888,3.26
A003059,종목_3059,커뮤니케이션,162081,14766,28.27
A003060,종목_3060,에너지,390725,30250,33.9
A003061,종목_3061,제조업,111966,10223,45.62
A003062,종목_3062,커뮤니케이션,138854,1340,18.68
A003063,종목_3063,소비재,486288,26685,-9.63
A003064,종목_3064,에너지,100352,4440,43.93
A003065,종목_3065,금융,420149,12910,32.03
A003066,종목_3066,커뮤니케이션,340298,27908,15.95
A003067,종목_3067,금융,140379,13755,25.65
A003068,종목_3068,제조업,224279,19416,43.95
A003069,종목_3069,소비재,238281,14085,26.99
A003070,종목_3070,소비재,109297,5880,-0.53
A003071,종목_3071,커뮤니케이션,207946,19681,27.04
A003072,종목_3072,에너지,39346,3656,-26.78
A003073,종목_3073,에너지,113138,9797,0.91
A003074,종목_3074,소비재,313916,1256,2.51
A003075,종목_3075,에너지,466300,2881,-16.65
A003076,종목_3076,소비재,41149,467,-28.15
A003077,종목_3077,커뮤니케이션,349844,9137,-19.33
A003078,종목_3078,바이오,159598,11601,22.37
A003079,종목_3079,소비재,359902,13461,34.18
A003080,종목_3080,금융,479928,1266,49.06
A003081,종목_3081,에너지,129447,4041,-2.29
A003082,종목_3082,소비재,462693,14203,17.95
A003083,종목_3083,소비재,6695,538,44.97
A003084,종목_3084,커뮤니케이션,40169,2339,-16.64
A003085,종목_3085,에너지,311091,21466,27.41
A003086,종목_3086,바이오,179296,8706,30.4
A003087,종목_3087,커뮤니케이션,309009,4506,-22.88
A003088,종목_3088,바이오,157625,12278,38.9
A003089,종목_3089,커뮤니케이션,367645,14599,35.05
A003090,종목_3090,에너지,323554,30929,-27.33
A003091,종목_3091,IT,366898,23892,-22.71
A003092,종목_3092,에너지,354039,28236,-26.07
A003093,종목_3093,에너지,419032,21413,-3.22
A003094,종목_3094,바이오,187098,14591,10.74
A003095,종목_3095,바이오,313849,21679,12.59
A003096,종목_3096,에너지,193994,10302,-8.59
A003097,종목_3097,에너지,378844,22957,42.93
A003098,종목_3098,에너지,337058,8392,-0.54
A003099,종목_3099,바이오,2881,237,-26.36
A003100,종목_3100,에너지,433783,7923,-5.98
A003101,종목_3101,에너지,310509,20663,12.49
A003102,종목_3102,제조업,80211,174,2.66
A003103,종목_3103,IT,464338,3419,-8.09
A003104,종목_3104,금융,157078,5553,-19.49
A003105,종목_3105,IT,304342,28266,35.53
A003106,종목_3106,제조업,417047,5574,49.69
A003107,종목_3107,금융,363793,7773,-3.64
A003108,종목_3108,커뮤니케이션,410675,25410,0.53
A003109,종목_3109,에너지,426659,26722,19.44
A003110,종목_3110,제조업,436532,38442,27.48
A003111,종목_3111,커뮤니케이션,228203,22226,1.36
A003112,종목_3112,에너지,196558,17649,42.39
A003113,종목_3113,바이오,137949,7085,14.8
A003114,종목_3114,소비재,40553,489,6.03
A003115,종목_3115,제조업,399138,37021,21.73
A003116,종목_3116,바이오,385922,21258,46.22
A003117,종목_3117,제조업,380162,18091,33.56
A003118,종목_3118,제조업,136758,11173,-26.8
A003119,종목_3119,바이오,33766,1895,-3.42
A003120,종목_3120,금융,474159,17044,7.64
A003121,종목_3121,IT,295150,6176,-4.84
A003122,종목_3122,에너지,32422,1752,26.02
A003123,종목_3123,제조업,379734,21829,36.1
A003124,종목_3124,에너지,275349,14579,28.51
A003125,종목_3125,소비재,480806,23157,49.15
A003126,종목_3126,바이오,155599,4003,-8.2
A003127,종목_3127,에너지,243555,3477,40.0
A003128,종목_3128,바이오,412659,31430,31.33
A003129,종목_3129,에너지,410740,29231,-1.03
A003130,종목_3130,IT,379621,10581,28.73
A003131,종목_3131,IT,29202,1921,-21.67
A003132,종목_3132,IT,459768,9195,33.15
A003133,종목_3133,IT,440358,18930,12.59
A003134,종목_3134,IT,324836,20245,-6.62
A003135,종목_3135,IT,214456,1656,22.46
A003136,종목_3136,바이오,21855,789,21.33
A003137,종목_3137,제조업,477963,47456,-13.24
A003138,종목_3138,에너지,192444,6101,-27.57
A003139,종목_3139,IT,288239,25613,4.69
A003140,종목_3140,바이오,432940,16591,15.56
A003141,종목_3141,바이오,312385,6474,40.13
A003142,종목_3142,바이오,104119,8753,44.26
A003143,종목_3143,제조업,53003,1821,12.3
A003144,종목_3144,에너지,462595,25498,30.3
A003145,종목_3145,제조업,95837,1383,5.14
A003146,종목_3146,금융,224068,1130,29.69
A003147,종목_3147,커뮤니케이션,491670,21778,-13.62
A003148,종목_3148,바이오,357427,3186,-0.31
A003149,종목_3149,금융,410188,29451,20.74
A003150,종목_3150,소비재,124805,6475,-28.55
A003151,종목_3151,IT,356990,6073,27.8
A003152,종목_3152,커뮤니케이션,286071,15301,36.84
A003153,종목_3153,IT,383733,11876,1.93
A003154,종목_3154,제조업,116657,7353,5.84
A003155,종목_3155,커뮤니케이션,329774,1927,38.1
A003156,종목_3156,에너지,105428,4279,32.05
A003157,종목_3157,금융,123035,5147,-6.95
A003158,종목_3158,에너지,446563,5399,-4.08
A003159,종목_3159,제조업,231780,9256,24.31
A003160,종목_3160,IT,389388,24496,15.06
A003161,종목_3161,커뮤니케이션,483076,10578,-17.02
A003162,종목_3162,에너지,218282,9395,-5.21
A003163,종목_3163,에너지,70518,5930,42.0
A003164,종목_3164,IT,177355,13077,25.05
A003165,종목_3165,커뮤니케이션,344470,16953,48.88
A003166,종목_3166,금융,144277,9673,31.36
A003167,종목_3167,IT,121243,7604,45.36
A003168,종목_3168,에너지,484090,7726,-12.7
A003169,종목_3169,금융,275892,306,31.72
A003170,종목_3170,금융,415313,18574,-28.38
A003171,종목_3171,IT,397308,7244,23.66
A003172,종목_3172,에너지,54311,4569,7.54
A003173,종목_3173,제조업,23692,900,-2.26
A003174,종목_3174,에너지,125954,2634,38.99
A003175,종목_3175,바이오,155934,8840,38.34
A003176,종목_3176,커뮤니케이션,393179,34674,-28.22
A003177,종목_3177,소비재,222468,10031,18.76
A003178,종목_3178,제조업,342651,9623,-0.57
A003179,종목_3179,금융,81152,4182,3.25
A003180,종목_3180,제조업,464685,5112,36.56
A003181,종목_3181,커뮤니케이션,5926,341,-5.21
A003182,종목_3182,금융,485515,45811,45.44
A003183,종목_3183,커뮤니케이션,4969,411,-15.63
A003184,종목_3184,금융,36733,876,23.02
A003185,종목_3185,제조업,332999,9799,23.77
A003186,종목_3186,금융,42743,3704,-9.82
A003187,종목_3187,금융,131193,10444,-4.02
A003188,종목_3188,바이오,171948,5393,36.78
A003189,종목_3189,에너지,370589,16618,30.94
A003190,종목_3190,에너지,21323,381,-3.67
A003191,종목_3191,소비재,279572,4840,12.72
A003192,종목_3192,소비재,35578,1733,-25.07
A003193,종목_3193,바이오,87486,1539,-13.3
A003194,종목_3194,소비재,327284,5274,8.87
A003195,종목_3195,커뮤니케이션,258450,19063,-23.12
A003196,종목_3196,제조업,108325,10096,37.47
A003197,종목_3197,IT,346973,3180,27.44
A003198,종목_3198,커뮤니케이션,269508,12625,45.49
A003199,종목_3199,IT,392011,27076,25.48
A003200,종목_3200,IT,429565,17879,45.23
A003201,종목_3201,바이오,132763,7550,14.36
A003202,종목_3202,커뮤니케이션,258971,4546,18.02
A003203,종목_3203,바이오,96598,9558,48.16
A003204,종목_3204,금융,198539,16830,21.37
A003205,종목_3205,IT,177968,15049,-27.54
A003206,종목_3206,제조업,58062,568,27.9
A003207,종목_3207,소비재,229338,20897,42.44
A003208,종목_3208,제조업,211834,16218,33.65
A003209,종목_3209,소비재,145933,4928,16.71
A003210,종목_3210,IT,228909,7485,23.7
A003211,종목_3211,IT,89302,4633,49.22
A003212,종목_3212,IT,495926,36599,-22.75
A003213,종목_3213,바이오,64928,4235,23.38
A003214,종목_3214,커뮤니케이션,215303,5337,-7.33
A003215,종목_3215,소비재,42347,2363,21.21
A003216,종목_3216,커뮤니케이션,4121,117,18.61
A003217,종목_3217,바이오,84793,7789,-17.72
A003218,종목_3218,바이오,29164,1886,-13.46
A003219,종목_3219,에너지,288635,18856,19.73
A003220,종목_3220,제조업,60222,2614,-19.74
A003221,종목_3221,제조업,155237,6216,-8.79
A003222,종목_3222,금융,4748,186,36.82
A003223,종목_3223,바이오,492797,14529,-3.83
A003224,종목_3224,소비재,27553,949,9.04
A003225,종목_3225,에너지,117547,11219,45.29
A003226,종목_3226,에너지,61380,1561,-11.83
A003227,종목_3227,커뮤니케이션,45331,3186,1.17
A003228,종목_3228,제조업,228105,5279,18.52
A003229,종목_3229,바이오,491060,37301,30.43
A003230,종목_3230,금융,121617,2498,42.13
A003231,종목_3231,바이오,302704,29023,43.24
A003232,종목_3232,커뮤니케이션,317009,30673,32.13
A003233,종목_3233,IT,440902,13374,-11.73
A003234,종목_3234,바이오,76910,401,-28.02
A003235,종목_3235,커뮤니케이션,398891,21635,0.7
A003236,종목_3236,IT,460922,4146,-18.68
A003237,종목_3237,IT,341130,19604,26.83
A003238,종목_3238,금융,208288,5378,22.89
A003239,종목_3239,소비재,11068,113,-26.48
A003240,종목_3240,제조업,55460,2809,36.93
A003241,종목_3241,바이오,363910,33769,-10.1
A003242,종목_3242,IT,47418,3780,4.58
A003243,종목_3243,바이오,289350,3743,23.43
A003244,종목_3244,소비재,129180,6667,4.35
A003245,종목_3245,제조업,263431,18471,5.3
A003246,종목_3246,소비재,23337,374,-24.75
A003247,종목_3247,제조업,152738,2868,2.12
A003248,종목_3248,에너지,248667,16875,31.19
A003249,종목_3249,제조업,133233,847,43.21
A003250,종목_3250,금융,363811,26402,3.08
A003251,종목_3251,소비재,353215,14193,3.89
A003252,종목_3252,IT,99064,7005,26.21
A003253,종목_3253,에너지,432967,9970,45.42
A003254,종목_3254,금융,476279,32403,-8.64
A003255,종목_3255,바이오,369655,9803,5.21
A003256,종목_3256,소비재,483605,41708,33.68
A003257,종목_3257,커뮤니케이션,408974,7462,18.78
A003258,종목_3258,커뮤니케이션,459996,24240,-21.15
A003259,종목_3259,IT,247686,12211,20.22
A003260,종목_3260,제조업,4178,278,-15.06
A003261,종목_3261,IT,32831,150,10.82
A003262,종목_3262,커뮤니케이션,134248,9865,12.33
A003263,종목_3263,바이오,104306,2271,40.1
A003264,종목_3264,에너지,165726,2488,7.0
A003265,종목_3265,에너지,255292,12457,-7.64
A003266,종목_3266,소비재,420843,7644,-11.52
A003267,종목_3267,에너지,184622,9328,39.94
A003268,종목_3268,소비재,375169,35666,-16.32
A003269,종목_3269,소비재,176982,7433,4.07
A003270,종목_3270,소비재,91417,2009,-15.03
A003271,종목_3271,커뮤니케이션,190323,11791,31.86
A003272,종목_3272,커뮤니케이션,429638,590,7.95
A003273,종목_3273,제조업,12984,389,-1.91
A003274,종목_3274,금융,90312,7447,-1.11
A003275,종목_3275,소비재,193458,6893,38.18
A003276,종목_3276,소비재,84291,6906,14.3
A003277,종목_3277,금융,270279,6913,27.43
A003278,종목_3278,IT,1320,24,41.76
A003279,종목_3279,소비재,497174,12136,42.14
A003280,종목_3280,제조업,488387,488,-3.72
A003281,종목_3281,에너지,153756,14007,46.2
A003282,종목_3282,에너지,450129,28591,-28.01
A003283,종목_3283,바이오,351918,2652,0.15
A003284,종목_3284,바이오,416105,14580,41.66
A003285,종목_3285,에너지,227921,6281,-8.03
A003286,종목_3286,에너지,361215,2902,-8.15
A003287,종목_3287,커뮤니케이션,180971,9069,-5.79
A003288,종목_3288,제조업,256083,21295,18.99
A003289,종목_3289,금융,404986,33336,5.07
A003290,종목_3290,바이오,433537,42462,28.14
A003291,종목_3291,커뮤니케이션,480178,13069,41.59
A003292,종목_3292,커뮤니케이션,110863,769,23.94
A003293,종목_3293,금융,42777,2204,-13.64
A003294,종목_3294,커뮤니케이션,47250,1929,44.61
A003295,종목_3295,제조업,336178,8009,-8.84
A003296,종목_3296,에너지,368084,10822,-18.01
A003297,종목_3297,소비재,303274,23133,-22.8
A003298,종목_3298,금융,476147,12620,15.07
A003299,종목_3299,에너지,181418,16945,-20.9
A003300,종목_3300,에너지,396753,9890,-18.9
A003301,종목_3301,IT,216834,16488,-6.0
A003302,종목_3302,금융,16216,1202,-7.47
A003303,종목_3303,커뮤니케이션,347293,19165,18.34
A003304,종목_3304,소비재,4009,394,35.34
A003305,종목_3305,금융,353048,13142,30.91
A003306,종목_3306,커뮤니케이션,161399,9839,-9.0
A003307,종목_3307,에너지,146281,5422,-10.38
A003308,종목_3308,소비재,180515,10895,47.26
A003309,종목_3309,커뮤니케이션,16029,593,-29.34
A003310,종목_3310,제조업,461829,3043,40.38
A003311,종목_3311,커뮤니케이션,211515,13941,-14.02
A003312,종목_3312,IT,189069,5296,45.78
A003313,종목_3313,에너지,365315,20253,-2.62
A003314,종목_3314,커뮤니케이션,115456,5236,5.23
A003315,종목_3315,바이오,325703,28319,26.57
A003316,종목_3316,바이오,328036,21788,17.01
A003317,종목_3317,IT,333553,24233,-4.56
A003318,종목_3318,제조업,402851,17062,14.31
A003319,종목_3319,에너지,296209,9147,28.46
A003320,종목_3320,금융,243471,2629,-26.61
A003321,종목_3321,IT,383688,1204,-29.1
A003322,종목_3322,제조업,370484,32541,6.65
A003323,종목_3323,금융,34783,696,-19.45
A003324,종목_3324,바이오,35152,1787,23.15
A003325,종목_3325,바이오,59741,5946,-12.88
A003326,종목_3326,금융,370193,24097,4.63
A003327,종목_3327,IT,445718,10709,-14.19
A003328,종목_3328,바이오,30092,1410,13.88
A003329,종목_3329,에너지,149725,1625,-20.72
A003330,종목_3330,소비재,492215,29197,-28.15
A003331,종목_3331,커뮤니케이션,231636,13460,-25.91
A003332,종목_3332,금융,172541,3289,46.34
A003333,종목_3333,금융,255136,5231,-18.62
A003334,종목_3334,바이오,349627,31873,26.68
A003335,종목_3335,IT,384729,14212,-24.57
A003336,종목_3336,에너지,322898,31209,-21.35
A003337,종목_3337,IT,162050,13298,10.71
A003338,종목_3338,제조업,88592,1334,7.19
A003339,종목_3339,제조업,357687,12839,46.13
A003340,종목_3340,소비재,44169,3086,45.59
A003341,종목_3341,바이오,442503,17678,32.37
A003342,종목_3342,바이오,55745,1597,18.17
A003343,종목_3343,바이오,111168,6961,6.4
A003344,종목_3344,소비재,114985,9802,-1.51
A003345,종목_3345,제조업,268687,19179,45.77
A003346,종목_3346,IT,188464,1813,18.23
A003347,종목_3347,소비재,22067,1861,16.33
A003348,종목_3348,소비재,52033,946,-11.45
A003349,종목_3349,IT,46256,4516,-26.26
A003350,종목_3350,바이오,222705,8687,45.62
A003351,종목_3351,에너지,240455,8287,-4.9
A003352,종목_3352,IT,201417,13689,5.41
A003353,종목_3353,제조업,416407,13765,-20.83
A003354,종목_3354,금융,87803,2288,36.95
A003355,종목_3355,금융,204814,1194,-27.79
A003356,종목_3356,커뮤니케이션,119843,9858,36.72
A003357,종목_3357,커뮤니케이션,480809,42388,-18.78
A003358,종목_3358,소비재,29992,1665,40.93
A003359,종목_3359,금융,213603,16231,28.38
A003360,종목_3360,에너지,49803,3409,-16.83
A003361,종목_3361,바이오,373119,34781,15.27
A003362,종목_3362,제조업,195549,8942,-4.99
A003363,종목_3363,커뮤니케이션,145282,5495,-15.74
A003364,종목_3364,에너지,477545,44560,38.73
A003365,종목_3365,제조업,27270,2168,2.28
A003366,종목_3366,제조업,456224,36231,1.88
A003367,종목_3367,바이오,399413,35309,-16.41
A003368,종목_3368,소비재,245929,21313,0.65
A003369,종목_3369,금융,8452,442,39.73
A003370,종목_3370,바이오,304630,16372,-0.95
A003371,종목_3371,에너지,15859,1240,46.13
A003372,종목_3372,소비재,421452,4066,45.7
A003373,종목_3373,에너지,426115,37294,-18.41
A003374,종목_3374,소비재,33083,2153,-15.82
A003375,종목_3375,커뮤니케이션,330852,8000,39.01
A003376,종목_3376,에너지,112462,2391,1.42
A003377,종목_3377,바이오,148735,11486,-29.65
A003378,종목_3378,소비재,356220,8833,-8.09
A003379,종목_3379,소비재,250737,3496,17.81
A003380,종목_3380,제조업,282197,5884,33.94
A003381,종목_3381,제조업,143157,11670,-19.33
A003382,종목_3382,IT,424780,33146,-21.16
A003383,종목_3383,에너지,352889,5858,43.77
A003384,종목_3384,제조업,191167,11428,30.09
A003385,종목_3385,IT,70517,382,17.18
A003386,종목_3386,커뮤니케이션,153225,4901,31.53
A003387,종목_3387,커뮤니케이션,137319,9270,4.31
A003388,종목_3388,제조업,404769,34199,30.68
A003389,종목_3389,에너지,415027,21998,-0.26
A003390,종목_3390,소비재,227453,20875,-10.47
A003391,종목_3391,금융,400351,31416,28.32
A003392,종목_3392,에너지,137645,6404,3.57
A003393,종목_3393,바이오,80267,683,48.51
A003394,종목_3394,커뮤니케이션,139261,6149,-2.04
A003395,종목_3395,제조업,343221,23599,43.74
A003396,종목_3396,제조업,437862,4798,44.64
A003397,종목_3397,소비재,339767,7000,-10.65
A003398,종목_3398,바이오,132004,6836,33.86
A003399,종목_3399,소비재,54687,4376,4.65
A003400,종목_3400,바이오,331456,9789,43.4
A003401,종목_3401,금융,108615,6932,6.01
A003402,종목_3402,커뮤니케이션,394120,22519,29.54
A003403,종목_3403,제조업,28564,731,7.36
A003404,종목_3404,제조업,291979,5832,-11.78
A003405,종목_3405,금융,455803,19781,-14.05
A003406,종목_3406,IT,8697,114,4.03
A003407,종목_3407,커뮤니케이션,81165,4597,30.44
A003408,종목_3408,소비재,205994,16487,18.41
A003409,종목_3409,금융,411262,11023,25.09
A003410,종목_3410,소비재,58823,3838,-7.41
A003411,종목_3411,에너지,467796,33447,8.51
A003412,종목_3412,제조업,447586,34044,-26.45
A003413,종목_3413,소비재,10615,557,35.4
A003414,종목_3414,바이오,399276,28453,49.19
A003415,종목_3415,소비재,393643,17112,2.55
A003416,종목_3416,에너지,77436,1201,-29.12
A003417,종목_3417,커뮤니케이션,192591,6549,-16.42
A003418,종목_3418,제조업,383706,18557,22.2
A003419,종목_3419,금융,334261,13918,18.97
A003420,종목_3420,에너지,455374,38264,33.03
A003421,종목_3421,제조업,35782,2227,-9.69
A003422,종목_3422,소비재,479925,40973,31.09
A003423,종목_3423,커뮤니케이션,79533,4382,25.04
A003424,종목_3424,IT,241011,17479,-4.17
A003425,종목_3425,커뮤니케이션,190327,11813,13.64
A003426,종목_3426,IT,73684,4504,-18.22
A003427,종목_3427,바이오,451134,17374,6.21
A003428,종목_3428,커뮤니케이션,258165,7432,40.5
A003429,종목_3429,제조업,216356,1263,3.7
A003430,종목_3430,IT,342702,7740,37.17
A003431,종목_3431,금융,217621,20205,17.22
A003432,종목_3432,제조업,236295,6432,-14.65
A003433,종목_3433,금융,344566,14905,16.49
A003434,종목_3434,커뮤니케이션,252435,23097,10.48
A003435,종목_3435,금융,258424,23513,1.89
A003436,종목_3436,IT,419472,5645,-20.43
A003437,종목_3437,제조업,424221,40067,3.34
A003438,종목_3438,소비재,269782,6277,-24.18
A003439,종목_3439,에너지,300563,4563,-22.1
A003440,종목_3440,IT,34377,2943,3.27
A003441,종목_3441,IT,107244,6791,-5.57
A003442,종목_3442,소비재,175188,12533,44.04
A003443,종목_3443,제조업,430850,35923,0.06
A003444,종목_3444,제조업,214363,6685,30.63
A003445,종목_3445,커뮤니케이션,24382,933,12.42
A003446,종목_3446,금융,247375,2207,26.33
A003447,종목_3447,커뮤니케이션,188135,11308,-9.19
A003448,종목_3448,소비재,154466,2306,45.35
A003449,종목_3449,커뮤니케이션,330933,3756,12.41
A003450,종목_3450,소비재,235318,5387,36.51
A003451,종목_3451,제조업,373778,15080,-0.8
A003452,종목_3452,금융,132936,993,-21.98
A003453,종목_3453,커뮤니케이션,362716,14081,23.9
A003454,종목_3454,IT,434438,8086,-29.38
A003455,종목_3455,바이오,407882,8065,8.02
A003456,종목_3456,에너지,124664,3731,-14.58
A003457,종목_3457,IT,153027,635,20.19
A003458,종목_3458,제조업,373818,32294,48.35
A003459,종목_3459,에너지,104533,9626,7.15
A003460,종목_3460,바이오,344989,23722,35.4
A003461,종목_3461,바이오,248997,10106,10.62
A003462,종목_3462,금융,70590,1634,9.67
A003463,종목_3463,에너지,390919,13705,44.43
A003464,종목_3464,금융,329615,24570,41.2
A003465,종목_3465,IT,482530,1429,32.86
A003466,종목_3466,소비재,306442,5932,-6.3
A003467,종목_3467,소비재,457324,10690,13.6
A003468,종목_3468,소비재,245936,11210,-12.09
A003469,종목_3469,에너지,49924,955,5.51
A003470,종목_3470,소비재,410925,20781,8.74
A003471,종목_3471,IT,10726,803,36.53
A003472,종목_3472,금융,192896,9041,41.68
A003473,종목_3473,에너지,41542,2329,3.17
A003474,종목_3474,금융,414461,36745,-28.58
A003475,종목_3475,에너지,35753,3065,38.94
A003476,종목_3476,금융,342932,17414,-16.06
A003477,종목_3477,바이오,284460,27349,19.75
A003478,종목_3478,금융,234979,9568,-28.0
A003479,종목_3479,소비재,85698,5370,1.96
A003480,종목_3480,바이오,279104,11923,48.88
A003481,종목_3481,금융,31791,2131,-21.94
A003482,종목_3482,에너지,288360,28249,3.9
A003483,종목_3483,에너지,426683,763,-5.43
A003484,종목_3484,에너지,327571,23757,42.41
A003485,종목_3485,제조업,375614,30937,39.55
A003486,종목_3486,IT,456263,18567,-10.98
A003487,종목_3487,에너지,74290,4819,-23.5
A003488,종목_3488,바이오,48014,2914,20.17
A003489,종목_3489,에너지,136150,1454,-3.09
A003490,종목_3490,제조업,472605,19077,23.77
A003491,종목_3491,소비재,51519,4731,-27.43
A003492,종목_3492,바이오,267186,3048,-19.33
A003493,종목_3493,제조업,50052,3366,24.91
A003494,종목_3494,소비재,15389,844,-13.01
A003495,종목_3495,커뮤니케이션,359105,30995,38.61
A003496,종목_3496,커뮤니케이션,69111,4873,-25.31
A003497,종목_3497,바이오,368202,35927,-12.76
A003498,종목_3498,금융,356859,18680,49.88
A003499,종목_3499,IT,313877,15777,4.65
A003500,종목_3500,IT,297898,3366,26.24
A003501,종목_3501,제조업,412840,4684,-15.39
A003502,종목_3502,소비재,349030,25230,18.79
A003503,종목_3503,IT,158753,15800,28.09
A003504,종목_3504,소비재,90524,768,-4.84
A003505,종목_3505,소비재,344150,3345,36.31
A003506,종목_3506,제조업,287848,22556,18.27
A003507,종목_3507,제조업,498488,2429,1.13
A003508,종목_3508,제조업,95913,6623,14.61
A003509,종목_3509,IT,95108,4433,16.14
A003510,종목_3510,커뮤니케이션,255803,12428,-16.76
A003511,종목_3511,제조업,270637,8663,2.22
A003512,종목_3512,IT,70639,3980,-2.53
A003513,종목_3513,제조업,232452,7048,2.07
A003514,종목_3514,에너지,317527,13613,30.89
A003515,종목_3515,소비재,135066,5284,8.6
A003516,종목_3516,제조업,201352,18463,45.23
A003517,종목_3517,바이오,310378,20278,-6.51
A003518,종목_3518,소비재,441507,4665,3.26
A003519,종목_3519,소비재,129674,2996,32.96
A003520,종목_3520,제조업,487084,22058,13.68
A003521,종목_3521,커뮤니케이션,6594,158,13.76
A003522,종목_3522,금융,237907,11207,-25.73
A003523,종목_3523,커뮤니케이션,270515,27033,1.89
A003524,종목_3524,제조업,48315,2220,-8.34
A003525,종목_3525,소비재,215636,11462,49.95
A003526,종목_3526,바이오,128251,2651,-5.33
A003527,종목_3527,소비재,233520,2195,40.76
A003528,종목_3528,커뮤니케이션,80526,5015,24.1
A003529,종목_3529,바이오,244459,14352,-2.73
A003530,종목_3530,IT,148698,9899,13.48
A003531,종목_3531,에너지,349149,29821,37.24
A003532,종목_3532,소비재,238330,2582,40.67
A003533,종목_3533,제조업,106573,7472,-17.17
A003534,종목_3534,IT,401346,22861,-2.83
A003535,종목_3535,에너지,138900,4016,-3.18
A003536,종목_3536,제조업,320658,6932,-26.64
A003537,종목_3537,금융,236707,8359,17.86
A003538,종목_3538,제조업,184736,13048,38.39
A003539,종목_3539,바이오,149955,6265,0.53
A003540,종목_3540,바이오,175131,15035,29.2
A003541,종목_3541,금융,478294,19176,20.22
A003542,종목_3542,IT,175004,17390,0.05
A003543,종목_3543,에너지,455485,43029,-18.72
A003544,종목_3544,제조업,339130,25661,26.75
A003545,종목_3545,바이오,349103,27180,38.37
A003546,종목_3546,IT,265179,2693,24.87
A003547,종목_3547,금융,110767,9736,-28.57
A003548,종목_3548,커뮤니케이션,434961,42697,-12.7
A003549,종목_3549,소비재,18241,1516,-24.44
A003550,종목_3550,커뮤니케이션,53975,1872,15.63
A003551,종목_3551,커뮤니케이션,155226,5904,30.52
A003552,종목_3552,바이오,419841,2023,-21.15
A003553,종목_3553,금융,439166,16975,37.07
A003554,종목_3554,제조업,492818,45595,14.44
A003555,종목_3555,커뮤니케이션,57396,2685,25.2
A003556,종목_3556,커뮤니케이션,493443,38060,47.71
A003557,종목_3557,에너지,119920,4936,-23.31
A003558,종목_3558,바이오,407547,16526,42.1
A003559,종목_3559,바이오,195999,10470,-19.91
A003560,종목_3560,제조업,87226,2938,1.44
A003561,종목_3561,소비재,85719,3731,38.12
A003562,종목_3562,IT,64014,4773,42.5
A003563,종목_3563,에너지,40346,2919,10.51
A003564,종목_3564,바이오,71411,2109,17.53
A003565,종목_3565,에너지,186550,1075,26.65
A003566,종목_3566,바이오,144326,719,36.62
A003567,종목_3567,에너지,187806,416,-20.28
A003568,종목_3568,금융,422837,5216,34.81
A003569,종목_3569,커뮤니케이션,339585,26325,8.5
A003570,종목_3570,바이오,47121,225,6.05
A003571,종목_3571,에너지,213490,8739,3.91
A003572,종목_3572,IT,323341,31807,10.74
A003573,종목_3573,금융,85577,6773,45.6
A003574,종목_3574,금융,357778,26393,13.86
A003575,종목_3575,IT,250106,4440,46.25
A003576,종목_3576,에너지,436647,41604,-15.58
A003577,종목_3577,제조업,493461,40824,27.93
A003578,종목_3578,IT,363355,24377,34.98
A003579,종목_3579,에너지,136909,10456,24.33
A003580,종목_3580,IT,484241,43765,18.55
A003581,종목_3581,IT,477379,42563,15.19
A003582,종목_3582,바이오,465448,28508,38.87
A003583,종목_3583,에너지,443210,6474,35.73
A003584,종목_3584,제조업,473295,15484,-20.22
A003585,종목_3585,커뮤니케이션,406831,10962,37.89
A003586,종목_3586,바이오,2466,80,3.13
A003587,종목_3587,IT,293915,28258,-9.7
A003588,종목_3588,커뮤니케이션,347030,26049,39.58
A003589,종목_3589,소비재,329055,23459,4.56
A003590,종목_3590,커뮤니케이션,230638,13586,34.67
A003591,종목_3591,IT,414962,37560,-8.93
A003592,종목_3592,IT,89422,7487,-29.69
A003593,종목_3593,에너지,454955,4279,9.64
A003594,종목_3594,에너지,492403,4678,-21.98
A003595,종목_3595,바이오,336513,8993,30.35
A003596,종목_3596,제조업,265037,2201,-7.91
A003597,종목_3597,바이오,293717,26464,5.49
A003598,종목_3598,금융,97907,6293,-23.04
A003599,종목_3599,IT,435090,8536,-7.07
A003600,종목_3600,커뮤니케이션,209434,4409,32.52
A003601,종목_3601,소비재,363100,35478,-17.87
A003602,종목_3602,IT,219532,10330,21.77
A003603,종목_3603,IT,259093,10668,43.39
A003604,종목_3604,바이오,381724,6892,24.39
A003605,종목_3605,소비재,427583,36026,34.88
A003606,종목_3606,소비재,153271,14556,-21.28
A003607,종목_3607,소비재,354548,2576,-9.94
A003608,종목_3608,바이오,206400,3843,41.56
A003609,종목_3609,IT,320868,21251,27.21
A003610,종목_3610,바이오,349277,33079,21.16
A003611,종목_3611,에너지,168477,6041,23.1
A003612,종목_3612,에너지,230304,3801,3.14
A003613,종목_3613,바이오,16989,440,-26.44
A003614,종목_3614,소비재,292075,23042,32.76
A003615,종목_3615,IT,272434,1678,24.3
A003616,종목_3616,바이오,432583,637,7.82
A003617,종목_3617,바이오,122136,8947,41.98
A003618,종목_3618,바이오,343022,19881,-3.11
A003619,종목_3619,금융,353621,6127,-6.45
A003620,종목_3620,에너지,473697,23509,39.82
A003621,종목_3621,커뮤니케이션,208370,968,33.76
A003622,종목_3622,소비재,127299,6909,11.2
A003623,종목_3623,제조업,162205,14165,-19.54
A003624,종목_3624,커뮤니케이션,244688,13098,-12.79
A003625,종목_3625,소비재,106686,5356,22.5
A003626,종목_3626,제조업,421268,22624,0.8
A003627,종목_3627,금융,370430,31311,36.92
A003628,종목_3628,바이오,479705,2660,46.0
A003629,종목_3629,금융,303619,25457,34.45
A003630,종목_3630,금융,83666,6790,0.2
A003631,종목_3631,커뮤니케이션,359766,5075,33.09
A003632,종목_3632,IT,189728,16183,-1.88
A003633,종목_3633,커뮤니케이션,136705,12930,-16.63
A003634,종목_3634,에너지,411520,34031,-27.33
A003635,종목_3635,제조업,108573,1077,0.86
A003636,종목_3636,바이오,229892,4861,42.28
A003637,종목_3637,커뮤니케이션,309690,18403,-10.88
A003638,종목_3638,제조업,270152,4088,-13.48
A003639,종목_3639,소비재,311435,4455,47.59
A003640,종목_3640,제조업,159477,15075,-28.0
A003641,종목_3641,소비재,249141,13334,32.86
A003642,종목_3642,커뮤니케이션,299530,3130,-4.29
A003643,종목_3643,에너지,91909,4688,-27.0
A003644,종목_3644,커뮤니케이션,152899,3713,43.42
A003645,종목_3645,소비재,296184,24979,-18.83
A003646,종목_3646,제조업,61354,1722,14.14
A003647,종목_3647,제조업,341687,16809,-8.08
A003648,종목_3648,소비재,19157,1287,-24.78
A003649,종목_3649,금융,491909,752,-26.01
A003650,종목_3650,에너지,36315,2144,-20.76
A003651,종목_3651,IT,299076,16797,-24.29
A003652,종목_3652,바이오,415380,4184,30.84
A003653,종목_3653,제조업,146486,6114,8.85
A003654,종목_3654,바이오,259669,1652,-2.57
A003655,종목_3655,IT,408543,4097,3.47
A003656,종목_3656,커뮤니케이션,377024,6977,44.32
A003657,종목_3657,바이오,133018,3617,42.86
A003658,종목_3658,IT,277837,2121,27.25
A003659,종목_3659,소비재,290385,12310,40.77
A003660,종목_3660,금융,378338,37045,-4.43
A003661,종목_3661,제조업,96790,1055,0.49
A003662,종목_3662,IT,409756,26611,19.1
A003663,종목_3663,바이오,73255,1236,19.89
A003664,종목_3664,제조업,196829,2085,8.54
A003665,종목_3665,금융,173275,14620,2.05
A003666,종목_3666,소비재,419297,33606,48.89
A003667,종목_3667,커뮤니케이션,193933,703,35.69
A003668,종목_3668,제조업,262439,9791,4.8
A003669,종목_3669,커뮤니케이션,12350,717,28.18
A003670,종목_3670,IT,187584,4018,-8.44
A003671,종목_3671,금융,319953,1016,-21.99
A003672,종목_3672,바이오,102894,1244,-1.81
A003673,종목_3673,금융,360701,14319,2.24
A003674,종목_3674,금융,437048,26146,-28.68
A003675,종목_3675,에너지,422585,38601,35.18
A003676,종목_3676,금융,32728,94,-1.26
A003677,종목_3677,금융,280720,20671,16.43
A003678,종목_3678,제조업,423217,7316,-24.08
A003679,종목_3679,바이오,84384,2943,-16.0
A003680,종목_3680,제조업,1390,137,41.18
A003681,종목_3681,제조업,481751,8832,18.7
A003682,종목_3682,IT,308580,27325,46.02
A003683,종목_3683,제조업,12569,1078,49.9
A003684,종목_3684,에너지,407245,9377,-0.25
A003685,종목_3685,에너지,23490,1092,-6.1
A003686,종목_3686,커뮤니케이션,309019,3902,38.67
A003687,종목_3687,IT,495080,20671,49.89
A003688,종목_3688,커뮤니케이션,269011,8149,20.37
A003689,종목_3689,커뮤니케이션,81820,5319,33.61
A003690,종목_3690,소비재,362659,12198,32.54
A003691,종목_3691,바이오,272265,2880,-1.57
A003692,종목_3692,바이오,2539,4,15.94
A003693,종목_3693,제조업,485240,38519,36.64
A003694,종목_3694,제조업,411243,4361,25.05
A003695,종목_3695,소비재,390546,37825,-28.31
A003696,종목_3696,제조업,337373,7563,-3.06
A003697,종목_3697,바이오,403137,12415,-18.44
A003698,종목_3698,커뮤니케이션,313579,7500,-11.36
A003699,종목_3699,금융,404526,34981,42.44
A003700,종목_3700,에너지,64965,4692,-27.05
A003701,종목_3701,금융,374192,10147,-12.42
A003702,종목_3702,금융,359588,15582,-5.23
A003703,종목_3703,바이오,333066,24876,19.35
A003704,종목_3704,금융,98799,5880,12.73
A003705,종목_3705,소비재,94948,8940,-12.54
A003706,종목_3706,IT,477055,37004,-16.86
A003707,종목_3707,제조업,144314,6567,-11.06
A003708,종목_3708,IT,249099,7406,10.2
A003709,종목_3709,커뮤니케이션,272091,4054,-8.31
A003710,종목_3710,에너지,244322,20066,45.81
A003711,종목_3711,제조업,203538,14711,7.11
A003712,종목_3712,금융,235778,14031,-25.3
A003713,종목_3713,에너지,256821,21609,28.34
A003714,종목_3714,제조업,193888,7506,-3.69
A003715,종목_3715,소비재,311929,2640,22.28
A003716,종목_3716,소비재,383107,36922,-7.63
A003717,종목_3717,소비재,263651,18899,15.66
A003718,종목_3718,소비재,461188,9309,31.77
A003719,종목_3719,금융,159223,5667,44.24
A003720,종목_3720,IT,12618,930,-9.11
A003721,종목_3721,제조업,337430,9887,-3.21
A003722,종목_3722,금융,279266,9858,7.14
A003723,종목_3723,소비재,139426,1967,44.17
A003724,종목_3724,커뮤니케이션,372742,15974,42.11
A003725,종목_3725,IT,425195,36159,-22.81
A003726,종목_3726,커뮤니케이션,87436,2548,-19.45
A003727,종목_3727,에너지,211448,18915,9.64
A003728,종목_3728,커뮤니케이션,446990,31996,-21.47
A003729,종목_3729,에너지,496919,20461,-2.35
A003730,종목_3730,에너지,137109,11012,-18.13
A003731,종목_3731,소비재,29633,2529,20.88
A003732,종목_3732,에너지,287639,20815,45.96
A003733,종목_3733,바이오,327694,27306,49.74
A003734,종목_3734,제조업,213456,4994,0.02
A003735,종목_3735,제조업,299627,19366,17.92
A003736,종목_3736,소비재,376325,13260,38.5
A003737,종목_3737,바이오,467589,28918,-20.6
A003738,종목_3738,커뮤니케이션,297213,5778,25.17
A003739,종목_3739,금융,139442,1198,2.71
A003740,종목_3740,커뮤니케이션,120873,8703,-13.51
A003741,종목_3741,금융,379987,37610,2.22
A003742,종목_3742,에너지,72947,1234,-23.92
A003743,종목_3743,IT,171205,14742,25.63
A003744,종목_3744,금융,228107,5459,-9.78
A003745,종목_3745,IT,96761,8980,-5.09
A003746,종목_3746,제조업,376897,6177,-20.31
A003747,종목_3747,IT,394908,3648,39.17
A003748,종목_3748,제조업,29926,2657,9.48
A003749,종목_3749,바이오,362926,1656,15.77
A003750,종목_3750,바이오,105700,995,15.55
A003751,종목_3751,소비재,337128,31859,2.84
A003752,종목_3752,소비재,437606,26655,-14.6
A003753,종목_3753,에너지,50593,2443,29.61
A003754,종목_3754,금융,338753,3845,-19.84
A003755,종목_3755,에너지,495166,41921,-21.69
A003756,종목_3756,제조업,6209,12,26.81
A003757,종목_3757,에너지,127700,9170,-13.29
A003758,종목_3758,IT,400749,8462,-5.46
A003759,종목_3759,제조업,87597,7435,8.02
A003760,종목_3760,소비재,270355,23549,5.95
A003761,종목_3761,바이오,10927,426,26.69
A003762,종목_3762,소비재,209535,6293,19.87
A003763,종목_3763,금융,118333,6594,21.55
A003764,종목_3764,제조업,156666,495,27.12
A003765,종목_3765,제조업,206924,5285,-6.59
A003766,종목_3766,IT,209785,13792,-4.21
A003767,종목_3767,금융,339526,23988,5.04
A003768,종목_3768,바이오,140005,5176,-5.4
A003769,종목_3769,커뮤니케이션,104780,8902,48.8
A003770,종목_3770,제조업,41696,2442,35.12
A003771,종목_3771,제조업,197521,9791,-16.83
A003772,종목_3772,IT,330760,20613,-29.55
A003773,종목_3773,에너지,400305,27079,-26.58
A003774,종목_3774,바이오,450764,5111,-10.47
A003775,종목_3775,소비재,158195,13093,-20.86
A003776,종목_3776,금융,402013,35707,12.67
A003777,종목_3777,제조업,51013,204,38.64
A003778,종목_3778,제조업,402562,38421,28.94
A003779,종목_3779,소비재,217486,8588,-12.75
A003780,종목_3780,바이오,427888,7122,1.94
A003781,종목_3781,에너지,411869,33030,10.63
A003782,종목_3782,제조업,312700,13577,34.82
A003783,종목_3783,바이오,386867,6490,37.13
A003784,종목_3784,소비재,240350,10994,42.78
A003785,종목_3785,IT,27140,2398,10.74
A003786,종목_3786,에너지,264328,2871,25.54
A003787,종목_3787,금융,428709,6474,-21.06
A003788,종목_3788,제조업,438364,11537,15.22
A003789,종목_3789,바이오,156918,5482,-10.1
A003790,종목_3790,IT,112361,11191,4.54
A003791,종목_3791,금융,154267,1404,20.72
A003792,종목_3792,커뮤니케이션,268750,21105,-9.44
A003793,종목_3793,바이오,398172,39488,-25.83
A003794,종목_3794,바이오,17555,298,-29.18
A003795,종목_3795,금융,91385,1323,-28.23
A003796,종목_3796,IT,412906,39834,-29.33
A003797,종목_3797,커뮤니케이션,321646,3478,-21.17
A003798,종목_3798,소비재,256658,10633,-10.84
A003799,종목_3799,IT,443065,41180,-12.3
A003800,종목_3800,에너지,158419,14967,48.94
A003801,종목_3801,제조업,230797,21302,-5.52
A003802,종목_3802,금융,104844,8932,-19.81
A003803,종목_3803,소비재,92321,8275,13.65
A003804,종목_3804,커뮤니케이션,312200,9192,38.64
A003805,종목_3805,금융,195923,8666,24.24
A003806,종목_3806,금융,99234,305,-6.31
A003807,종목_3807,IT,475718,12717,14.93
A003808,종목_3808,제조업,228705,4479,27.19
A003809,종목_3809,에너지,475634,31441,28.25
A003810,종목_3810,바이오,202283,1174,23.32
A003811,종목_3811,바이오,304994,15357,39.66
A003812,종목_3812,금융,472761,23463,39.61
A003813,종목_3813,제조업,290987,14605,16.31
A003814,종목_3814,커뮤니케이션,325464,23085,4.39
A003815,종목_3815,커뮤니케이션,30793,1938,21.33
A003816,종목_3816,소비재,433732,5301,35.46
A003817,종목_3817,IT,498623,46436,-29.55
A003818,종목_3818,제조업,149929,4184,49.36
A003819,종목_3819,제조업,20627,646,-15.37
A003820,종목_3820,IT,324966,1714,7.62
A003821,종목_3821,커뮤니케이션,478317,10836,39.76
A003822,종목_3822,커뮤니케이션,223633,1041,-12.0
A003823,종목_3823,커뮤니케이션,446464,34009,8.14
A003824,종목_3824,금융,318942,25091,-19.39
A003825,종목_3825,제조업,225440,1316,1.61
A003826,종목_3826,바이오,176188,3968,-15.83
A003827,종목_3827,IT,338462,11815,-0.91
A003828,종목_3828,커뮤니케이션,367330,24763,-0.12
A003829,종목_3829,소비재,259191,19472,49.45
A003830,종목_3830,커뮤니케이션,351046,25033,49.59
A003831,종목_3831,커뮤니케이션,422773,19258,-20.82
A003832,종목_3832,에너지,334478,19972,28.08
A003833,종목_3833,금융,469379,11636,-25.86
A003834,종목_3834,IT,369863,13385,-27.58
A003835,종목_3835,에너지,124099,8762,-21.57
A003836,종목_3836,에너지,210074,3958,47.24
A003837,종목_3837,소비재,174686,9255,45.27
A003838,종목_3838,제조업,275864,20527,-14.49
A003839,종목_3839,소비재,320752,8222,-17.07
A003840,종목_3840,제조업,108449,10321,-10.76
A003841,종목_3841,제조업,103828,3030,11.24
A003842,종목_3842,IT,127613,8779,15.58
A003843,종목_3843,커뮤니케이션,73095,3746,-12.27
A003844,종목_3844,IT,106924,2173,30.53
A003845,종목_3845,금융,478910,30414,-5.24
A003846,종목_3846,제조업,97452,7523,43.77
A003847,종목_3847,에너지,88593,7753,22.54
A003848,종목_3848,커뮤니케이션,167964,13579,4.91
A003849,종목_3849,바이오,370119,35590,33.19
A003850,종목_3850,금융,340386,30062,35.43
A003851,종목_3851,IT,379185,7972,-6.76
A003852,종목_3852,소비재,127202,3501,-2.82
A003853,종목_3853,금융,78606,3833,44.88
A003854,종목_3854,금융,124769,12350,-16.82
A003855,종목_3855,커뮤니케이션,119542,8925,-26.63
A003856,종목_3856,금융,369582,5389,6.32
A003857,종목_3857,금융,264068,5310,34.1
A003858,종목_3858,바이오,52322,2541,31.73
A003859,종목_3859,소비재,158550,8297,43.56
A003860,종목_3860,소비재,72042,2799,12.66
A003861,종목_3861,소비재,47418,2346,-21.99
A003862,종목_3862,제조업,456433,11526,17.1
A003863,종목_3863,에너지,101699,7877,32.27
A003864,종목_3864,소비재,91140,3661,-22.53
A003865,종목_3865,금융,475062,43530,-16.19
A003866,종목_3866,금융,467978,10322,-29.02
A003867,종목_3867,소비재,12781,721,17.49
A003868,종목_3868,커뮤니케이션,399731,9955,40.94
A003869,종목_3869,소비재,380502,22992,23.65
A003870,종목_3870,금융,299277,3806,48.56
A003871,종목_3871,제조업,476724,25629,-24.96
A003872,종목_3872,IT,98628,7445,42.24
A003873,종목_3873,IT,77946,5678,35.13
A003874,종목_3874,소비재,86058,897,-4.86
A003875,종목_3875,바이오,403311,32763,47.88
A003876,종목_3876,소비재,482799,45772,-6.96
A003877,종목_3877,커뮤니케이션,152542,15253,41.14
A003878,종목_3878,소비재,306273,16145,40.46
A003879,종목_3879,IT,271675,19559,30.61
A003880,종목_3880,금융,300182,4143,15.08
A003881,종목_3881,소비재,351083,26532,-20.4
A003882,종목_3882,금융,43674,2466,12.56
A003883,종목_3883,금융,128572,9292,-1.46
A003884,종목_3884,바이오,226730,6689,33.38
A003885,종목_3885,금융,476692,19619,30.65
A003886,종목_3886,IT,292975,14902,42.85
A003887,종목_3887,제조업,58174,5282,-28.81
A003888,종목_3888,제조업,274423,10503,34.73
A003889,종목_3889,에너지,432436,5964,45.08
A003890,종목_3890,커뮤니케이션,323754,13582,33.14
A003891,종목_3891,소비재,446935,26221,-19.58
A003892,종목_3892,커뮤니케이션,257008,22968,-23.5
A003893,종목_3893,IT,54051,4433,-28.33
A003894,종목_3894,금융,204085,5203,20.3
A003895,종목_3895,제조업,319796,21130,20.37
A003896,종목_3896,커뮤니케이션,66524,5834,48.95
A003897,종목_3897,IT,477152,7805,1.84
A003898,종목_3898,제조업,269614,6855,-3.45
A003899,종목_3899,금융,461814,6174,19.95
A003900,종목_3900,커뮤니케이션,436014,13860,36.05
A003901,종목_3901,제조업,316617,5132,44.94
A003902,종목_3902,소비재,414096,8646,34.25
A003903,종목_3903,소비재,232189,12495,4.13
A003904,종목_3904,에너지,45439,3469,20.79
A003905,종목_3905,에너지,277452,23614,38.5
A003906,종목_3906,제조업,92563,3048,9.25
A003907,종목_3907,IT,228328,19595,-12.67
A003908,종목_3908,소비재,298225,25221,-16.42
A003909,종목_3909,IT,207314,18192,-29.99
A003910,종목_3910,IT,444599,29517,27.46
A003911,종목_3911,제조업,10837,341,-21.11
A003912,종목_3912,IT,236207,15690,-10.49
A003913,종목_3913,소비재,446367,12952,-6.17
A003914,종목_3914,금융,119128,7171,14.83
A003915,종목_3915,에너지,168896,7001,1.84
A003916,종목_3916,금융,165145,3241,23.97
A003917,종목_3917,IT,375795,18957,-25.55
A003918,종목_3918,금융,98624,7842,-20.08
A003919,종목_3919,소비재,487864,38414,9.94
A003920,종목_3920,소비재,420515,33516,-3.04
A003921,종목_3921,IT,494209,15764,-6.33
A003922,종목_3922,제조업,190933,15120,-24.64
A003923,종목_3923,금융,31063,459,41.66
A003924,종목_3924,제조업,70453,2215,25.35
A003925,종목_3925,제조업,255371,10628,-20.27
A003926,종목_3926,바이오,462688,1567,-24.8
A003927,종목_3927,IT,103166,1874,47.99
A003928,종목_3928,에너지,15506,1432,24.49
A003929,종목_3929,소비재,226413,1317,3.4
A003930,종목_3930,소비재,474070,46095,26.14
A003931,종목_3931,IT,114604,9583,30.51
A003932,종목_3932,커뮤니케이션,27026,1995,32.4
A003933,종목_3933,커뮤니케이션,421888,8092,8.23
A003934,종목_3934,커뮤니케이션,432633,19326,4.39
A003935,종목_3935,에너지,315557,28029,-29.12
A003936,종목_3936,소비재,256116,14129,44.12
A003937,종목_3937,IT,328210,9154,18.26
A003938,종목_3938,소비재,191285,262,-13.75
A003939,종목_3939,제조업,51971,4741,43.57
A003940,종목_3940,금융,421497,32230,43.19
A003941,종목_3941,금융,114978,6567,49.13
A003942,종목_3942,소비재,160163,8760,39.92
A003943,종목_3943,바이오,313638,7374,49.82
A003944,종목_3944,에너지,104864,5129,-10.43
A003945,종목_3945,커뮤니케이션,412826,11228,37.38
A003946,종목_3946,에너지,395295,26888,35.84
A003947,종목_3947,에너지,96386,3751,-11.52
A003948,종목_3948,제조업,440967,39006,-22.12
A003949,종목_3949,에너지,87126,6531,48.35
A003950,종목_3950,금융,449648,8911,-6.32
A003951,종목_3951,제조업,163023,1776,39.67
A003952,종목_3952,IT,81863,1690,-29.67
A003953,종목_3953,에너지,341435,4108,-28.32
A003954,종목_3954,에너지,126659,10525,7.27
A003955,종목_3955,IT,191944,8375,-10.9
A003956,종목_3956,에너지,8235,684,25.19
A003957,종목_3957,IT,345877,32922,15.25
A003958,종목_3958,제조업,63712,5557,-23.8
A003959,종목_3959,금융,153545,5656,-16.99
A003960,종목_3960,IT,199639,4917,1.04
A003961,종목_3961,바이오,238890,4582,-15.15
A003962,종목_3962,IT,126849,6990,33.38
A003963,종목_3963,에너지,256493,21287,3.29
A003964,종목_3964,커뮤니케이션,80823,536,-22.53
A003965,종목_3965,커뮤니케이션,105215,8348,8.75
A003966,종목_3966,제조업,242071,21796,-22.73
A003967,종목_3967,소비재,33230,1851,-19.69
A003968,종목_3968,제조업,347717,29037,-10.83
A003969,종목_3969,소비재,224660,11559,38.76
A003970,종목_3970,커뮤니케이션,463092,24886,43.97
A003971,종목_3971,커뮤니케이션,303788,1379,36.1
A003972,종목_3972,IT,180736,9475,-3.27
A003973,종목_3973,금융,308347,8451,-8.2
A003974,종목_3974,바이오,329821,8568,13.93
A003975,종목_3975,제조업,419641,12658,27.75
A003976,종목_3976,에너지,124246,2080,49.47
A003977,종목_3977,소비재,85817,6103,-19.47
A003978,종목_3978,에너지,239657,9297,-26.06
A003979,종목_3979,금융,218033,12312,25.55
A003980,종목_3980,소비재,232414,13968,36.58
A003981,종목_3981,제조업,257812,7398,37.71
A003982,종목_3982,IT,491865,17776,24.28
A003983,종목_3983,에너지,332950,20187,46.32
A003984,종목_3984,금융,305958,8457,10.88
A003985,종목_3985,제조업,71219,6979,43.11
A003986,종목_3986,커뮤니케이션,443862,9755,47.42
A003987,종목_3987,커뮤니케이션,171956,2888,37.77
A003988,종목_3988,제조업,358489,32362,-5.22
A003989,종목_3989,제조업,258134,1000,-14.3
A003990,종목_3990,제조업,363232,14078,13.85
A003991,종목_3991,소비재,332466,9456,6.24
A003992,종목_3992,제조업,22650,2015,40.22
A003993,종목_3993,에너지,357386,11784,-22.0
A003994,종목_3994,금융,403406,11652,-9.38
A003995,종목_3995,소비재,301340,19059,30.14
A003996,종목_3996,제조업,171521,11111,-22.4
A003997,종목_3997,바이오,171733,2868,-4.34
A003998,종목_3998,바이오,292853,2442,0.97
A003999,종목_3999,금융,243037,6786,19.81
A004000,종목_4000,커뮤니케이션,81428,5097,-17.35
A004001,종목_4001,IT,207251,19261,38.85
A004002,종목_4002,IT,10943,166,5.8
A004003,종목_4003,커뮤니케이션,175312,12351,43.36
A004004,종목_4004,소비재,439976,36599,7.43
A004005,종목_4005,소비재,22042,1725,-8.0
A004006,종목_4006,소비재,253842,21264,-18.65
A004007,종목_4007,IT,307038,7918,-29.7
A004008,종목_4008,바이오,401085,3832,12.57
A004009,종목_4009,IT,455294,1860,-21.43
A004010,종목_4010,에너지,319903,12206,1.34
A004011,종목_4011,제조업,369117,17790,17.14
A004012,종목_4012,소비재,307450,22686,-7.95
A004013,종목_4013,바이오,371513,31807,-15.98
A004014,종목_4014,금융,187443,11494,31.98
A004015,종목_4015,금융,152990,6584,45.74
A004016,종목_4016,제조업,291523,2747,-21.96
A004017,종목_4017,바이오,383811,22385,-17.55
A004018,종목_4018,IT,485026,36269,46.8
A004019,종목_4019,IT,215304,8550,-26.98
A004020,종목_4020,에너지,397178,35503,48.21
A004021,종목_4021,에너지,145923,8369,-29.63
A004022,종목_4022,IT,380770,29795,39.89
A004023,종목_4023,금융,439963,16716,-5.41
A004024,종목_4024,소비재,388324,16787,45.09
A004025,종목_4025,금융,315493,2046,-4.64
A004026,종목_4026,에너지,202904,6762,22.34
A004027,종목_4027,제조업,188428,9182,-23.6
A004028,종목_4028,IT,146817,12588,-10.61
A004029,종목_4029,에너지,6730,645,31.89
A004030,종목_4030,에너지,408137,38502,12.29
A004031,종목_4031,소비재,230502,6881,44.24
A004032,종목_4032,IT,203210,12217,4.3
A004033,종목_4033,소비재,215183,19755,39.58
A004034,종목_4034,IT,20023,1492,5.92
A004035,종목_4035,소비재,439565,6770,48.34
A004036,종목_4036,금융,127796,2526,46.79
A004037,종목_4037,제조업,344677,17861,-3.67
A004038,종목_4038,제조업,346430,31330,40.87
A004039,종목_4039,IT,305123,15727,37.81
A004040,종목_4040,바이오,285981,21074,-13.15
A004041,종목_4041,커뮤니케이션,409213,17379,19.94
A004042,종목_4042,에너지,368119,23221,-24.19
A004043,종목_4043,에너지,482819,5544,36.94
A004044,종목_4044,IT,177111,12637,-16.04
A004045,종목_4045,소비재,21923,48,-24.33
A004046,종목_4046,바이오,272020,11813,2.02
A004047,종목_4047,금융,324117,24606,16.15
A004048,종목_4048,소비재,397103,21117,38.39
A004049,종목_4049,소비재,195795,16784,47.94
A004050,종목_4050,IT,305566,808,5.16
A004051,종목_4051,IT,234462,9253,-25.16
A004052,종목_4052,에너지,52413,3333,29.93
A004053,종목_4053,IT,365628,3053,15.21
A004054,종목_4054,IT,397057,3285,5.83
A004055,종목_4055,IT,256719,5556,-5.26
A004056,종목_4056,에너지,29756,1057,10.19
A004057,종목_4057,금융,334720,16644,-2.91
A004058,종목_4058,금융,119248,7613,30.56
A004059,종목_4059,커뮤니케이션,273448,19179,13.51
A004060,종목_4060,커뮤니케이션,31341,908,40.15
A004061,종목_4061,IT,398974,30969,13.48
A004062,종목_4062,커뮤니케이션,411226,6268,-10.94
A004063,종목_4063,에너지,128039,1283,38.09
A004064,종목_4064,금융,192830,10878,14.58
A004065,종목_4065,소비재,163730,6245,-13.45
A004066,종목_4066,금융,181074,9541,19.88
A004067,종목_4067,금융,235390,15288,-1.38
A004068,종목_4068,에너지,133447,9423,37.55
A004069,종목_4069,커뮤니케이션,100485,3814,6.26
A004070,종목_4070,소비재,285236,15776,28.12
A004071,종목_4071,에너지,132562,12639,-22.36
A004072,종목_4072,IT,4729,165,1.68
A004073,종목_4073,제조업,138046,4854,48.66
A004074,종목_4074,금융,119222,10076,34.68
A004075,종목_4075,제조업,348360,32197,-17.2
A004076,종목_4076,에너지,84860,7825,-7.78
A004077,종목_4077,에너지,259360,16404,-3.61
A004078,종목_4078,에너지,360014,3965,22.03
A004079,종목_4079,제조업,22398,749,30.56
A004080,종목_4080,에너지,297794,5171,29.96
A004081,종목_4081,IT,415508,10664,10.79
A004082,종목_4082,에너지,495507,43854,34.87
A004083,종목_4083,바이오,104889,1202,4.97
A004084,종목_4084,커뮤니케이션,266303,1026,-20.09
A004085,종목_4085,제조업,361306,11212,15.16
A004086,종목_4086,바이오,456982,44132,46.18
A004087,종목_4087,에너지,226959,15123,33.44
A004088,종목_4088,IT,103834,8935,16.3
A004089,종목_4089,금융,411281,17942,21.74
A004090,종목_4090,소비재,22638,764,44.44
A004091,종목_4091,커뮤니케이션,264217,9973,4.27
A004092,종목_4092,소비재,440727,27913,-3.49
A004093,종목_4093,에너지,216379,17792,48.18
A004094,종목_4094,커뮤니케이션,233069,22604,39.08
A004095,종목_4095,커뮤니케이션,30320,1826,-4.16
A004096,종목_4096,IT,464092,20861,7.1
A004097,종목_4097,커뮤니케이션,35924,2926,3.21
A004098,종목_4098,제조업,213792,17444,-18.07
A004099,종목_4099,바이오,434950,30116,46.63
A004100,종목_4100,바이오,331260,7758,2.34
A004101,종목_4101,바이오,172097,709,40.03
A004102,종목_4102,제조업,488719,30642,-14.85
A004103,종목_4103,소비재,3159,91,13.83
A004104,종목_4104,IT,49940,3177,-28.08
A004105,종목_4105,커뮤니케이션,80436,2950,31.14
A004106,종목_4106,제조업,471192,31836,16.47
A004107,종목_4107,바이오,15678,1511,20.05
A004108,종목_4108,에너지,193147,4911,-25.86
A004109,종목_4109,금융,441420,41841,-13.12
A004110,종목_4110,커뮤니케이션,406237,6143,-24.05
A004111,종목_4111,제조업,138844,8504,-6.89
A004112,종목_4112,제조업,68163,4405,20.2
A004113,종목_4113,IT,242040,7898,15.29
A004114,종목_4114,IT,205827,5711,18.97
A004115,종목_4115,제조업,155536,5468,13.94
